method,scoring,cutoff,level,TP,FN,FP,TN,accuracy,precision,recall,F1,false_alarm_rate
fine-tuned (ours),shared cutoff,0.8,drive (>20% of minutes),470,114,266,318,0.6746575342465754,0.6385869565217391,0.8047945205479452,0.7121212121212123,0.4554794520547945
fine-tuned (ours),shared cutoff,0.8,drive (>30% of minutes),430,154,149,435,0.740582191780822,0.7426597582037997,0.7363013698630136,0.7394668959587274,0.2551369863013699
fine-tuned (ours),shared cutoff,0.8,drive (>40% of minutes),368,216,61,523,0.7628424657534246,0.8578088578088578,0.6301369863013698,0.7265547877591313,0.10445205479452055
fine-tuned (ours),shared cutoff,0.8,drive (>50% of minutes),320,264,34,550,0.7448630136986302,0.903954802259887,0.547945205479452,0.6823027718550106,0.05821917808219178
fine-tuned (ours),shared cutoff,0.8,minute,40406,14226,13518,40463,0.7445609641571451,0.7493138491209851,0.7396031629814028,0.7444268396035227,0.25042144458235305
fine-tuned (ours),shared cutoff,0.9,drive (>20% of minutes),405,179,112,472,0.7508561643835616,0.7833655705996132,0.6934931506849316,0.7356948228882834,0.1917808219178082
fine-tuned (ours),shared cutoff,0.9,drive (>30% of minutes),369,215,62,522,0.7628424657534246,0.8561484918793504,0.6318493150684932,0.7270935960591133,0.10616438356164383
fine-tuned (ours),shared cutoff,0.9,drive (>40% of minutes),318,266,36,548,0.7414383561643836,0.8983050847457628,0.5445205479452054,0.6780383795309168,0.06164383561643835
fine-tuned (ours),shared cutoff,0.9,drive (>50% of minutes),292,292,16,568,0.7363013698630136,0.948051948051948,0.5,0.6547085201793722,0.0273972602739726
fine-tuned (ours),shared cutoff,0.9,minute,35884,18748,7225,46756,0.7608665629344553,0.8324015866756361,0.6568311612241909,0.7342670936454506,0.13384338934069395
fine-tuned (ours),shared cutoff,0.95,drive (>20% of minutes),359,225,73,511,0.7448630136986302,0.8310185185185185,0.6147260273972602,0.7066929133858266,0.125
fine-tuned (ours),shared cutoff,0.95,drive (>30% of minutes),324,260,26,558,0.7551369863013698,0.9257142857142857,0.5547945205479452,0.6937901498929336,0.04452054794520548
fine-tuned (ours),shared cutoff,0.95,drive (>40% of minutes),280,304,0,584,0.7397260273972602,1.0,0.4794520547945205,0.6481481481481481,0.0
fine-tuned (ours),shared cutoff,0.95,drive (>50% of minutes),249,335,0,584,0.7131849315068494,1.0,0.4263698630136986,0.5978391356542617,0.0
fine-tuned (ours),shared cutoff,0.95,minute,31806,22826,3892,50089,0.7540073471868008,0.8909742842736288,0.5821862644603896,0.7042178678180008,0.07209944239639873
fine-tuned (ours),shared cutoff,0.975,drive (>20% of minutes),324,260,48,536,0.7363013698630136,0.8709677419354839,0.5547945205479452,0.6778242677824268,0.0821917808219178
fine-tuned (ours),shared cutoff,0.975,drive (>30% of minutes),281,303,10,574,0.7320205479452054,0.9656357388316151,0.4811643835616438,0.6422857142857143,0.017123287671232876
fine-tuned (ours),shared cutoff,0.975,drive (>40% of minutes),243,341,0,584,0.7080479452054794,1.0,0.4160958904109589,0.5876662636033858,0.0
fine-tuned (ours),shared cutoff,0.975,drive (>50% of minutes),223,361,0,584,0.6909246575342466,1.0,0.3818493150684932,0.5526641883519208,0.0
fine-tuned (ours),shared cutoff,0.975,minute,28427,26205,2684,51297,0.7340189480080653,0.9137282633152262,0.5203360667740519,0.6630745366968732,0.04972119819936644
fine-tuned (ours),shared cutoff,0.99,drive (>20% of minutes),264,320,10,574,0.7174657534246576,0.9635036496350365,0.4520547945205479,0.6153846153846154,0.017123287671232876
fine-tuned (ours),shared cutoff,0.99,drive (>30% of minutes),240,344,0,584,0.7054794520547946,1.0,0.410958904109589,0.5825242718446603,0.0
fine-tuned (ours),shared cutoff,0.99,drive (>40% of minutes),215,369,0,584,0.6840753424657534,1.0,0.3681506849315068,0.5381727158948686,0.0
fine-tuned (ours),shared cutoff,0.99,drive (>50% of minutes),197,387,0,584,0.6686643835616438,1.0,0.3373287671232877,0.5044814340588989,0.0
fine-tuned (ours),shared cutoff,0.99,minute,23591,31041,1012,52969,0.7048879968327917,0.9588668048611958,0.4318165177917704,0.5954691739761468,0.018747337025990626
fine-tuned (ours),stuck check,0.8,drive (>20% of minutes),482,102,245,339,0.7029109589041096,0.6629986244841816,0.8253424657534246,0.7353165522501908,0.4195205479452055
fine-tuned (ours),stuck check,0.8,drive (>30% of minutes),445,139,139,445,0.761986301369863,0.761986301369863,0.761986301369863,0.7619863013698631,0.238013698630137
fine-tuned (ours),stuck check,0.8,drive (>40% of minutes),382,202,68,516,0.7688356164383562,0.8488888888888889,0.6541095890410958,0.7388781431334622,0.11643835616438356
fine-tuned (ours),stuck check,0.8,drive (>50% of minutes),341,243,41,543,0.7568493150684932,0.8926701570680629,0.583904109589041,0.7060041407867496,0.0702054794520548
fine-tuned (ours),stuck check,0.8,minute,41788,12844,12635,41346,0.7654148214302156,0.7678371276849861,0.7648996924879191,0.7663655953417999,0.23406383727607863
fine-tuned (ours),stuck check,0.9,drive (>20% of minutes),433,151,112,472,0.7748287671232876,0.7944954128440367,0.7414383561643836,0.7670504871567759,0.1917808219178082
fine-tuned (ours),stuck check,0.9,drive (>30% of minutes),389,195,51,533,0.7893835616438356,0.884090909090909,0.666095890410959,0.7597656250000001,0.08732876712328767
fine-tuned (ours),stuck check,0.9,drive (>40% of minutes),339,245,33,551,0.761986301369863,0.9112903225806451,0.5804794520547946,0.7092050209205022,0.05650684931506849
fine-tuned (ours),stuck check,0.9,drive (>50% of minutes),313,271,16,568,0.7542808219178082,0.9513677811550152,0.535958904109589,0.6856516976998904,0.0273972602739726
fine-tuned (ours),stuck check,0.9,minute,37959,16673,6701,47280,0.7847955585427159,0.8499552171965965,0.6948125640650168,0.7645933207106311,0.12413627016913359
fine-tuned (ours),stuck check,0.95,drive (>20% of minutes),393,191,80,504,0.7679794520547946,0.8308668076109936,0.672945205479452,0.7436140018921475,0.136986301369863
fine-tuned (ours),stuck check,0.95,drive (>30% of minutes),358,226,33,551,0.7782534246575342,0.9156010230179028,0.613013698630137,0.7343589743589745,0.05650684931506849
fine-tuned (ours),stuck check,0.95,drive (>40% of minutes),313,271,0,584,0.7679794520547946,1.0,0.535958904109589,0.6978818283166109,0.0
fine-tuned (ours),stuck check,0.95,drive (>50% of minutes),281,303,0,584,0.740582191780822,1.0,0.4811643835616438,0.6497109826589594,0.0
fine-tuned (ours),stuck check,0.95,minute,34879,19753,3904,50077,0.7821899772587075,0.8993373385246113,0.6384353492458632,0.7467537333404699,0.0723217428354421
fine-tuned (ours),stuck check,0.975,drive (>20% of minutes),358,226,45,539,0.7679794520547946,0.8883374689826302,0.613013698630137,0.7254305977710233,0.07705479452054795
fine-tuned (ours),stuck check,0.975,drive (>30% of minutes),316,268,17,567,0.7559931506849316,0.948948948948949,0.541095890410959,0.6892039258451473,0.02910958904109589
fine-tuned (ours),stuck check,0.975,drive (>40% of minutes),278,306,0,584,0.738013698630137,1.0,0.476027397260274,0.6450116009280743,0.0
fine-tuned (ours),stuck check,0.975,drive (>50% of minutes),255,329,0,584,0.7183219178082192,1.0,0.4366438356164384,0.6078665077473182,0.0
fine-tuned (ours),stuck check,0.975,minute,31482,23150,2178,51803,0.7668050785817536,0.9352941176470588,0.576255674330063,0.7131336927467948,0.040347529686371134
fine-tuned (ours),stuck check,0.99,drive (>20% of minutes),307,277,17,567,0.7482876712328768,0.9475308641975309,0.5256849315068494,0.6762114537444934,0.02910958904109589
fine-tuned (ours),stuck check,0.99,drive (>30% of minutes),283,301,0,584,0.7422945205479452,1.0,0.4845890410958904,0.6528258362168397,0.0
fine-tuned (ours),stuck check,0.99,drive (>40% of minutes),253,331,0,584,0.7166095890410958,1.0,0.4332191780821918,0.6045400238948626,0.0
fine-tuned (ours),stuck check,0.99,drive (>50% of minutes),230,354,0,584,0.696917808219178,1.0,0.3938356164383562,0.5651105651105651,0.0
fine-tuned (ours),stuck check,0.99,minute,27277,27355,1075,52906,0.7382449614687008,0.9620838036117382,0.49928613266949773,0.6574038368842187,0.019914414330968303
fine-tuned (ours),two-speed + stuck check,0.8,drive (>20% of minutes),495,89,257,327,0.7037671232876712,0.6582446808510638,0.8476027397260274,0.7410179640718563,0.4400684931506849
fine-tuned (ours),two-speed + stuck check,0.8,drive (>30% of minutes),472,112,167,417,0.7611301369863014,0.7386541471048513,0.8082191780821918,0.7718724448078496,0.285958904109589
fine-tuned (ours),two-speed + stuck check,0.8,drive (>40% of minutes),412,172,107,477,0.7611301369863014,0.7938342967244701,0.7054794520547946,0.7470534904805077,0.1832191780821918
fine-tuned (ours),two-speed + stuck check,0.8,drive (>50% of minutes),383,201,93,491,0.7482876712328768,0.8046218487394958,0.6558219178082192,0.7226415094339623,0.15924657534246575
fine-tuned (ours),two-speed + stuck check,0.8,minute,43751,10881,13842,40139,0.7723753141889093,0.7596582918062958,0.8008310147898667,0.7797014925373134,0.256423556436524
fine-tuned (ours),two-speed + stuck check,0.9,drive (>20% of minutes),453,131,142,442,0.7662671232876712,0.761344537815126,0.7756849315068494,0.7684478371501272,0.24315068493150685
fine-tuned (ours),two-speed + stuck check,0.9,drive (>30% of minutes),420,164,101,483,0.7731164383561644,0.8061420345489443,0.7191780821917808,0.7601809954751132,0.17294520547945205
fine-tuned (ours),two-speed + stuck check,0.9,drive (>40% of minutes),371,213,67,517,0.7602739726027398,0.8470319634703196,0.6352739726027398,0.726027397260274,0.11472602739726027
fine-tuned (ours),two-speed + stuck check,0.9,drive (>50% of minutes),345,239,51,533,0.7517123287671232,0.8712121212121212,0.5907534246575342,0.7040816326530612,0.08732876712328767
fine-tuned (ours),two-speed + stuck check,0.9,minute,40159,14473,7761,46220,0.7952915396867778,0.838042570951586,0.7350820032215551,0.7831929167641781,0.14377280895129768
fine-tuned (ours),two-speed + stuck check,0.95,drive (>20% of minutes),411,173,96,488,0.7696917808219178,0.8106508875739645,0.7037671232876712,0.7534372135655363,0.1643835616438356
fine-tuned (ours),two-speed + stuck check,0.95,drive (>30% of minutes),390,194,67,517,0.776541095890411,0.8533916849015317,0.6678082191780822,0.7492795389048991,0.11472602739726027
fine-tuned (ours),two-speed + stuck check,0.95,drive (>40% of minutes),348,236,43,541,0.7611301369863014,0.8900255754475703,0.5958904109589042,0.7138461538461538,0.07363013698630137
fine-tuned (ours),two-speed + stuck check,0.95,drive (>50% of minutes),323,261,28,556,0.752568493150685,0.9202279202279202,0.553082191780822,0.6909090909090909,0.04794520547945205
fine-tuned (ours),two-speed + stuck check,0.95,minute,37308,17324,4510,49471,0.7989743400882031,0.892151705007413,0.6828964709327866,0.7736236391912908,0.08354791500713214
fine-tuned (ours),two-speed + stuck check,0.975,drive (>20% of minutes),392,192,74,510,0.7722602739726028,0.8412017167381974,0.6712328767123288,0.7466666666666666,0.1267123287671233
fine-tuned (ours),two-speed + stuck check,0.975,drive (>30% of minutes),375,209,53,531,0.7756849315068494,0.8761682242990654,0.6421232876712328,0.741106719367589,0.09075342465753425
fine-tuned (ours),two-speed + stuck check,0.975,drive (>40% of minutes),329,255,28,556,0.7577054794520548,0.9215686274509803,0.5633561643835616,0.6992561105207227,0.04794520547945205
fine-tuned (ours),two-speed + stuck check,0.975,drive (>50% of minutes),308,276,20,564,0.7465753424657534,0.9390243902439024,0.5273972602739726,0.6754385964912281,0.03424657534246575
fine-tuned (ours),two-speed + stuck check,0.975,minute,35347,19285,3135,50846,0.793579037500115,0.9185333402629801,0.6470017572118905,0.7592198810060785,0.058075989700079655
fine-tuned (ours),two-speed + stuck check,0.99,drive (>20% of minutes),373,211,74,510,0.7559931506849316,0.8344519015659956,0.6386986301369864,0.7235693501454898,0.1267123287671233
fine-tuned (ours),two-speed + stuck check,0.99,drive (>30% of minutes),347,237,45,539,0.7585616438356164,0.8852040816326531,0.5941780821917808,0.7110655737704918,0.07705479452054795
fine-tuned (ours),two-speed + stuck check,0.99,drive (>40% of minutes),303,281,28,556,0.735445205479452,0.9154078549848943,0.5188356164383562,0.6622950819672131,0.04794520547945205
fine-tuned (ours),two-speed + stuck check,0.99,drive (>50% of minutes),282,302,20,564,0.7243150684931506,0.9337748344370861,0.4828767123287671,0.6365688487584651,0.03424657534246575
fine-tuned (ours),two-speed + stuck check,0.99,minute,32760,21872,2761,51220,0.7732039442792299,0.9222713324512261,0.5996485576219066,0.7267645003494061,0.051147626016561386
pretrained only,shared cutoff,0.8,drive (>20% of minutes),432,152,206,378,0.6934931506849316,0.677115987460815,0.7397260273972602,0.707037643207856,0.3527397260273973
pretrained only,shared cutoff,0.8,drive (>30% of minutes),391,193,164,420,0.6943493150684932,0.7045045045045045,0.6695205479452054,0.6865671641791045,0.2808219178082192
pretrained only,shared cutoff,0.8,drive (>40% of minutes),325,259,88,496,0.7029109589041096,0.7869249394673123,0.5565068493150684,0.6519558676028084,0.1506849315068493
pretrained only,shared cutoff,0.8,drive (>50% of minutes),280,304,48,536,0.6986301369863014,0.8536585365853658,0.4794520547945205,0.6140350877192982,0.0821917808219178
pretrained only,shared cutoff,0.8,minute,37594,17038,13372,40609,0.7200150994816459,0.7376290075736766,0.6881314980231367,0.7120210610049433,0.24771678924065876
pretrained only,shared cutoff,0.9,drive (>20% of minutes),349,235,89,495,0.7226027397260274,0.7968036529680366,0.5976027397260274,0.6829745596868885,0.1523972602739726
pretrained only,shared cutoff,0.9,drive (>30% of minutes),303,281,47,537,0.7191780821917808,0.8657142857142858,0.5188356164383562,0.6488222698072805,0.08047945205479452
pretrained only,shared cutoff,0.9,drive (>40% of minutes),243,341,39,545,0.6746575342465754,0.8617021276595744,0.4160958904109589,0.561200923787529,0.06678082191780822
pretrained only,shared cutoff,0.9,drive (>50% of minutes),212,372,21,563,0.663527397260274,0.9098712446351931,0.363013698630137,0.5189718482252141,0.03595890410958904
pretrained only,shared cutoff,0.9,minute,30557,24075,7627,46354,0.7081196541850423,0.8002566520008381,0.5593242055937911,0.658442509912084,0.14129045404864674
pretrained only,shared cutoff,0.95,drive (>20% of minutes),296,288,54,530,0.7071917808219178,0.8457142857142858,0.5068493150684932,0.633832976445396,0.09246575342465753
pretrained only,shared cutoff,0.95,drive (>30% of minutes),253,331,47,537,0.6763698630136986,0.8433333333333334,0.4332191780821918,0.5723981900452488,0.08047945205479452
pretrained only,shared cutoff,0.95,drive (>40% of minutes),212,372,23,561,0.6618150684931506,0.902127659574468,0.363013698630137,0.5177045177045178,0.039383561643835614
pretrained only,shared cutoff,0.95,drive (>50% of minutes),183,401,15,569,0.6438356164383562,0.9242424242424242,0.3133561643835616,0.46803069053708435,0.025684931506849314
pretrained only,shared cutoff,0.95,minute,26221,28411,5509,48472,0.6876985259591394,0.8263788213047589,0.47995680187435935,0.6072346633936222,0.10205442655749244
pretrained only,shared cutoff,0.975,drive (>20% of minutes),253,331,38,546,0.6840753424657534,0.8694158075601375,0.4332191780821918,0.5782857142857143,0.06506849315068493
pretrained only,shared cutoff,0.975,drive (>30% of minutes),222,362,31,553,0.663527397260274,0.8774703557312253,0.3801369863013699,0.5304659498207885,0.053082191780821915
pretrained only,shared cutoff,0.975,drive (>40% of minutes),186,398,23,561,0.639554794520548,0.8899521531100478,0.3184931506849315,0.46910466582597726,0.039383561643835614
pretrained only,shared cutoff,0.975,drive (>50% of minutes),162,422,8,576,0.6318493150684932,0.9529411764705882,0.2773972602739726,0.4297082228116711,0.0136986301369863
pretrained only,shared cutoff,0.975,minute,23113,31519,3802,50179,0.6747995175531474,0.8587404792866431,0.4230670669204862,0.5668632812979019,0.07043218910357348
pretrained only,shared cutoff,0.99,drive (>20% of minutes),204,380,31,553,0.6481164383561644,0.8680851063829788,0.3493150684931507,0.4981684981684982,0.053082191780821915
pretrained only,shared cutoff,0.99,drive (>30% of minutes),185,399,31,553,0.6318493150684932,0.8564814814814815,0.3167808219178082,0.46249999999999997,0.053082191780821915
pretrained only,shared cutoff,0.99,drive (>40% of minutes),161,423,23,561,0.6181506849315068,0.875,0.2756849315068493,0.41927083333333337,0.039383561643835614
pretrained only,shared cutoff,0.99,drive (>50% of minutes),138,446,0,584,0.6181506849315068,1.0,0.2363013698630137,0.38227146814404434,0.0
pretrained only,shared cutoff,0.99,minute,19230,35402,2863,51118,0.6476941065986577,0.8704114425383606,0.35199150680919605,0.5012707722385141,0.05303717974843
pretrained only,stuck check,0.8,drive (>20% of minutes),455,129,193,391,0.7243150684931506,0.7021604938271605,0.7791095890410958,0.7386363636363635,0.3304794520547945
pretrained only,stuck check,0.8,drive (>30% of minutes),417,167,141,443,0.7363013698630136,0.7473118279569892,0.714041095890411,0.7302977232924694,0.24143835616438356
pretrained only,stuck check,0.8,drive (>40% of minutes),349,235,70,514,0.7388698630136986,0.8329355608591885,0.5976027397260274,0.6959122632103689,0.11986301369863013
pretrained only,stuck check,0.8,drive (>50% of minutes),308,276,56,528,0.7157534246575342,0.8461538461538461,0.5273972602739726,0.6497890295358649,0.0958904109589041
pretrained only,stuck check,0.8,minute,39449,15183,13045,40936,0.7401047756714205,0.7514954089991237,0.7220859569483087,0.7364972088941992,0.241659102276727
pretrained only,stuck check,0.9,drive (>20% of minutes),378,206,76,508,0.7585616438356164,0.8325991189427313,0.6472602739726028,0.7283236994219653,0.13013698630136986
pretrained only,stuck check,0.9,drive (>30% of minutes),336,248,54,530,0.7414383561643836,0.8615384615384616,0.5753424657534246,0.6899383983572894,0.09246575342465753
pretrained only,stuck check,0.9,drive (>40% of minutes),275,309,29,555,0.7106164383561644,0.9046052631578947,0.4708904109589041,0.6193693693693694,0.04965753424657534
pretrained only,stuck check,0.9,drive (>50% of minutes),238,346,29,555,0.6789383561643836,0.8913857677902621,0.4075342465753425,0.5593419506462985,0.04965753424657534
pretrained only,stuck check,0.9,minute,32930,21702,7381,46600,0.7322327898133741,0.8168986132817345,0.6027602870112755,0.6936793655140453,0.1367332950482577
pretrained only,stuck check,0.95,drive (>20% of minutes),332,252,61,523,0.7320205479452054,0.8447837150127226,0.5684931506849316,0.6796315250767657,0.10445205479452055
pretrained only,stuck check,0.95,drive (>30% of minutes),288,296,44,540,0.708904109589041,0.8674698795180723,0.4931506849315068,0.62882096069869,0.07534246575342465
pretrained only,stuck check,0.95,drive (>40% of minutes),244,340,23,561,0.6892123287671232,0.9138576779026217,0.4178082191780822,0.5734430082256169,0.039383561643835614
pretrained only,stuck check,0.95,drive (>50% of minutes),213,371,15,569,0.6695205479452054,0.9342105263157895,0.3647260273972603,0.5246305418719213,0.025684931506849314
pretrained only,stuck check,0.95,minute,29196,25436,5151,48830,0.7183854603040152,0.8500305703554896,0.5344120661883145,0.6562447319030332,0.09542246345936534
pretrained only,stuck check,0.975,drive (>20% of minutes),283,301,45,539,0.7037671232876712,0.8628048780487805,0.4845890410958904,0.6206140350877193,0.07705479452054795
pretrained only,stuck check,0.975,drive (>30% of minutes),252,332,31,553,0.6892123287671232,0.8904593639575972,0.4315068493150685,0.5813148788927335,0.053082191780821915
pretrained only,stuck check,0.975,drive (>40% of minutes),214,370,23,561,0.663527397260274,0.9029535864978903,0.3664383561643836,0.5213154689403168,0.039383561643835614
pretrained only,stuck check,0.975,drive (>50% of minutes),193,391,8,576,0.6583904109589042,0.9601990049751243,0.3304794520547945,0.49171974522292994,0.0136986301369863
pretrained only,stuck check,0.975,minute,26047,28585,3504,50477,0.7045565447966634,0.8814253324760584,0.4767718553228877,0.6188185263057863,0.0649117282006632
pretrained only,stuck check,0.99,drive (>20% of minutes),252,332,38,546,0.6832191780821918,0.8689655172413793,0.4315068493150685,0.5766590389016019,0.06506849315068493
pretrained only,stuck check,0.99,drive (>30% of minutes),231,353,31,553,0.6712328767123288,0.8816793893129771,0.3955479452054795,0.5460992907801419,0.053082191780821915
pretrained only,stuck check,0.99,drive (>40% of minutes),201,383,23,561,0.6523972602739726,0.8973214285714286,0.3441780821917808,0.4975247524752475,0.039383561643835614
pretrained only,stuck check,0.99,drive (>50% of minutes),176,408,0,584,0.6506849315068494,1.0,0.3013698630136986,0.4631578947368421,0.0
pretrained only,stuck check,0.99,minute,23300,31332,2933,51048,0.68452211061291,0.8881942591392521,0.4264899692487919,0.5762690904594077,0.05433393230951631
pretrained only,two-speed + stuck check,0.8,drive (>20% of minutes),484,100,273,311,0.6806506849315068,0.6393659180977543,0.8287671232876712,0.7218493661446682,0.4674657534246575
pretrained only,two-speed + stuck check,0.8,drive (>30% of minutes),455,129,204,380,0.7148972602739726,0.6904400606980273,0.7791095890410958,0.7320997586484312,0.3493150684931507
pretrained only,two-speed + stuck check,0.8,drive (>40% of minutes),394,190,164,420,0.696917808219178,0.7060931899641577,0.6746575342465754,0.6900175131348512,0.2808219178082192
pretrained only,two-speed + stuck check,0.8,drive (>50% of minutes),363,221,135,449,0.6952054794520548,0.7289156626506024,0.6215753424657534,0.6709796672828097,0.23116438356164384
pretrained only,two-speed + stuck check,0.8,minute,43189,11443,16421,37560,0.7434561240367176,0.7245260862271431,0.7905440035144238,0.7560967069904239,0.30419962579426096
pretrained only,two-speed + stuck check,0.9,drive (>20% of minutes),429,155,186,398,0.7080479452054794,0.697560975609756,0.7345890410958904,0.7155963302752294,0.3184931506849315
pretrained only,two-speed + stuck check,0.9,drive (>30% of minutes),391,193,117,467,0.7345890410958904,0.7696850393700787,0.6695205479452054,0.7161172161172161,0.20034246575342465
pretrained only,two-speed + stuck check,0.9,drive (>40% of minutes),343,241,91,493,0.7157534246575342,0.7903225806451613,0.5873287671232876,0.6738703339882122,0.1558219178082192
pretrained only,two-speed + stuck check,0.9,drive (>50% of minutes),310,274,63,521,0.711472602739726,0.8310991957104558,0.5308219178082192,0.6478578892371994,0.10787671232876712
pretrained only,two-speed + stuck check,0.9,minute,37338,17294,10818,43163,0.7411727877878339,0.7753550959382008,0.6834455996485577,0.7265050394987742,0.20040384579759546
pretrained only,two-speed + stuck check,0.95,drive (>20% of minutes),395,189,113,471,0.7414383561643836,0.7775590551181102,0.6763698630136986,0.7234432234432234,0.1934931506849315
pretrained only,two-speed + stuck check,0.95,drive (>30% of minutes),363,221,99,485,0.726027397260274,0.7857142857142857,0.6215753424657534,0.6940726577437859,0.1695205479452055
pretrained only,two-speed + stuck check,0.95,drive (>40% of minutes),315,269,81,503,0.7003424657534246,0.7954545454545454,0.5393835616438356,0.6428571428571428,0.1386986301369863
pretrained only,two-speed + stuck check,0.95,drive (>50% of minutes),289,295,46,538,0.7080479452054794,0.8626865671641791,0.4948630136986301,0.6289445048966268,0.07876712328767123
pretrained only,two-speed + stuck check,0.95,minute,34075,20557,8727,45254,0.7303821826116579,0.7961076585206299,0.623718699663201,0.6994478313525052,0.16166799429428874
pretrained only,two-speed + stuck check,0.975,drive (>20% of minutes),375,209,96,488,0.7388698630136986,0.7961783439490446,0.6421232876712328,0.7109004739336493,0.1643835616438356
pretrained only,two-speed + stuck check,0.975,drive (>30% of minutes),354,230,89,495,0.7268835616438356,0.7990970654627539,0.6061643835616438,0.6893865628042843,0.1523972602739726
pretrained only,two-speed + stuck check,0.975,drive (>40% of minutes),308,276,74,510,0.7003424657534246,0.806282722513089,0.5273972602739726,0.6376811594202899,0.1267123287671233
pretrained only,two-speed + stuck check,0.975,drive (>50% of minutes),278,306,46,538,0.6986301369863014,0.8580246913580247,0.476027397260274,0.6123348017621145,0.07876712328767123
pretrained only,two-speed + stuck check,0.975,minute,32778,21854,7655,46326,0.7283106073858562,0.8106744490886157,0.5999780348513691,0.6895913322463578,0.14180915507308126
pretrained only,two-speed + stuck check,0.99,drive (>20% of minutes),364,220,96,488,0.7294520547945206,0.7913043478260869,0.6232876712328768,0.6973180076628354,0.1643835616438356
pretrained only,two-speed + stuck check,0.99,drive (>30% of minutes),338,246,82,502,0.7191780821917808,0.8047619047619048,0.5787671232876712,0.6733067729083666,0.1404109589041096
pretrained only,two-speed + stuck check,0.99,drive (>40% of minutes),298,286,74,510,0.6917808219178082,0.8010752688172043,0.5102739726027398,0.6234309623430964,0.1267123287671233
pretrained only,two-speed + stuck check,0.99,drive (>50% of minutes),270,314,46,538,0.6917808219178082,0.8544303797468354,0.4623287671232877,0.6,0.07876712328767123
pretrained only,two-speed + stuck check,0.99,minute,31525,23107,6746,47235,0.7251433990406305,0.8237307621959186,0.577042758822668,0.6786648439770513,0.12496989681554621
ridge baseline,shared cutoff,0.8,drive (>20% of minutes),451,133,248,336,0.6738013698630136,0.6452074391988555,0.7722602739726028,0.7030397505845675,0.4246575342465753
ridge baseline,shared cutoff,0.8,drive (>30% of minutes),407,177,177,407,0.696917808219178,0.696917808219178,0.696917808219178,0.696917808219178,0.3030821917808219
ridge baseline,shared cutoff,0.8,drive (>40% of minutes),346,238,107,477,0.7046232876712328,0.7637969094922737,0.5924657534246576,0.6673095467695276,0.1832191780821918
ridge baseline,shared cutoff,0.8,drive (>50% of minutes),311,273,72,512,0.7046232876712328,0.8120104438642297,0.5325342465753424,0.6432264736297828,0.1232876712328767
ridge baseline,shared cutoff,0.8,minute,38426,16206,13744,40237,0.7242503199432849,0.7365535748514472,0.7033606677405184,0.7195745398026255,0.2546081028510031
ridge baseline,shared cutoff,0.9,drive (>20% of minutes),391,193,115,469,0.7363013698630136,0.7727272727272727,0.6695205479452054,0.7174311926605504,0.1969178082191781
ridge baseline,shared cutoff,0.9,drive (>30% of minutes),340,244,90,494,0.714041095890411,0.7906976744186046,0.5821917808219178,0.6706114398422091,0.1541095890410959
ridge baseline,shared cutoff,0.9,drive (>40% of minutes),295,289,55,529,0.7054794520547946,0.8428571428571429,0.5051369863013698,0.6316916488222697,0.09417808219178082
ridge baseline,shared cutoff,0.9,drive (>50% of minutes),267,317,30,554,0.7029109589041096,0.898989898989899,0.4571917808219178,0.6061293984108966,0.05136986301369863
ridge baseline,shared cutoff,0.9,minute,33616,21016,7029,46952,0.7417896568550726,0.827063599458728,0.6153170303119051,0.7056477428970266,0.13021248216965228
ridge baseline,shared cutoff,0.95,drive (>20% of minutes),348,236,87,497,0.723458904109589,0.8,0.5958904109589042,0.6830225711481844,0.14897260273972604
ridge baseline,shared cutoff,0.95,drive (>30% of minutes),316,268,52,532,0.726027397260274,0.8586956521739131,0.541095890410959,0.6638655462184874,0.08904109589041095
ridge baseline,shared cutoff,0.95,drive (>40% of minutes),277,307,30,554,0.711472602739726,0.9022801302931596,0.4743150684931507,0.621773288439955,0.05136986301369863
ridge baseline,shared cutoff,0.95,drive (>50% of minutes),249,335,14,570,0.7011986301369864,0.9467680608365019,0.4263698630136986,0.587957497048406,0.023972602739726026
ridge baseline,shared cutoff,0.95,minute,30490,24142,4316,49665,0.7379871654406011,0.8759983910819974,0.5580978181285693,0.6818130995773608,0.07995405790926437
ridge baseline,shared cutoff,0.975,drive (>20% of minutes),323,261,65,519,0.7208904109589042,0.8324742268041238,0.553082191780822,0.6646090534979425,0.1113013698630137
ridge baseline,shared cutoff,0.975,drive (>30% of minutes),287,297,38,546,0.7131849315068494,0.8830769230769231,0.4914383561643836,0.6314631463146314,0.06506849315068493
ridge baseline,shared cutoff,0.975,drive (>40% of minutes),244,340,22,562,0.690068493150685,0.9172932330827067,0.4178082191780822,0.5741176470588235,0.03767123287671233
ridge baseline,shared cutoff,0.975,drive (>50% of minutes),221,363,7,577,0.6832191780821918,0.9692982456140351,0.3784246575342466,0.5443349753694582,0.011986301369863013
ridge baseline,shared cutoff,0.975,minute,27864,26768,2898,51083,0.7268651082282968,0.9057928613224108,0.5100307512080832,0.6525985432231772,0.05368555602897316
ridge baseline,shared cutoff,0.99,drive (>20% of minutes),271,313,30,554,0.7063356164383562,0.9003322259136213,0.464041095890411,0.6124293785310734,0.05136986301369863
ridge baseline,shared cutoff,0.99,drive (>30% of minutes),243,341,30,554,0.6823630136986302,0.8901098901098901,0.4160958904109589,0.5670945157526255,0.05136986301369863
ridge baseline,shared cutoff,0.99,drive (>40% of minutes),202,382,7,577,0.6669520547945206,0.9665071770334929,0.3458904109589041,0.5094577553593947,0.011986301369863013
ridge baseline,shared cutoff,0.99,drive (>50% of minutes),183,401,7,577,0.6506849315068494,0.9631578947368421,0.3133561643835616,0.4728682170542635,0.011986301369863013
ridge baseline,shared cutoff,0.99,minute,22655,31977,1635,52346,0.6905342822682368,0.9326883491148621,0.4146837018597159,0.574111147715466,0.030288434819658767
ridge baseline,stuck check,0.8,drive (>20% of minutes),459,125,210,374,0.7131849315068494,0.6860986547085202,0.785958904109589,0.7326416600159618,0.3595890410958904
ridge baseline,stuck check,0.8,drive (>30% of minutes),422,162,149,435,0.7337328767123288,0.7390542907180385,0.7226027397260274,0.7307359307359307,0.2551369863013699
ridge baseline,stuck check,0.8,drive (>40% of minutes),364,220,97,487,0.728595890410959,0.789587852494577,0.6232876712328768,0.6966507177033493,0.1660958904109589
ridge baseline,stuck check,0.8,drive (>50% of minutes),330,254,62,522,0.7294520547945206,0.8418367346938775,0.565068493150685,0.6762295081967215,0.10616438356164383
ridge baseline,stuck check,0.8,minute,40185,14447,12886,41095,0.7483450415696096,0.7571931940231011,0.7355579147752234,0.7462187682794352,0.2387136214594024
ridge baseline,stuck check,0.9,drive (>20% of minutes),423,161,122,462,0.7577054794520548,0.7761467889908257,0.7243150684931506,0.7493356953055801,0.2089041095890411
ridge baseline,stuck check,0.9,drive (>30% of minutes),373,211,77,507,0.7534246575342466,0.8288888888888889,0.6386986301369864,0.7214700193423599,0.13184931506849315
ridge baseline,stuck check,0.9,drive (>40% of minutes),328,256,59,525,0.7303082191780822,0.8475452196382429,0.5616438356164384,0.6755921730175077,0.10102739726027397
ridge baseline,stuck check,0.9,drive (>50% of minutes),300,284,30,554,0.7311643835616438,0.9090909090909091,0.5136986301369864,0.6564551422319475,0.05136986301369863
ridge baseline,stuck check,0.9,minute,36531,18101,6958,47023,0.769281761851712,0.8400055186368967,0.6686740371943184,0.7446112452991713,0.12889720457197903
ridge baseline,stuck check,0.95,drive (>20% of minutes),386,198,94,490,0.75,0.8041666666666667,0.660958904109589,0.7255639097744362,0.16095890410958905
ridge baseline,stuck check,0.95,drive (>30% of minutes),352,232,59,525,0.7508561643835616,0.8564476885644768,0.6027397260273972,0.707537688442211,0.10102739726027397
ridge baseline,stuck check,0.95,drive (>40% of minutes),316,268,37,547,0.7388698630136986,0.8951841359773371,0.541095890410959,0.6744930629669158,0.06335616438356165
ridge baseline,stuck check,0.95,drive (>50% of minutes),285,299,14,570,0.7320205479452054,0.9531772575250836,0.488013698630137,0.6455266138165346,0.023972602739726026
ridge baseline,stuck check,0.95,minute,33977,20655,4452,49529,0.768839825803541,0.8841499908922948,0.6219248791916825,0.7302092176099548,0.0824734628850892
ridge baseline,stuck check,0.975,drive (>20% of minutes),360,224,62,522,0.7551369863013698,0.8530805687203792,0.6164383561643836,0.7157057654075546,0.10616438356164383
ridge baseline,stuck check,0.975,drive (>30% of minutes),330,254,45,539,0.7440068493150684,0.88,0.565068493150685,0.6882168925964547,0.07705479452054795
ridge baseline,stuck check,0.975,drive (>40% of minutes),281,303,22,562,0.7217465753424658,0.9273927392739274,0.4811643835616438,0.6335963923337091,0.03767123287671233
ridge baseline,stuck check,0.975,drive (>50% of minutes),259,325,7,577,0.7157534246575342,0.9736842105263158,0.4434931506849315,0.6094117647058824,0.011986301369863013
ridge baseline,stuck check,0.975,minute,31343,23289,2676,51305,0.7609402189424839,0.9213380757811811,0.5737113779469908,0.7071099028775761,0.049572997906670864
ridge baseline,stuck check,0.99,drive (>20% of minutes),318,266,37,547,0.740582191780822,0.895774647887324,0.5445205479452054,0.6773162939297125,0.06335616438356165
ridge baseline,stuck check,0.99,drive (>30% of minutes),287,297,30,554,0.7200342465753424,0.9053627760252366,0.4914383561643836,0.6370699223085461,0.05136986301369863
ridge baseline,stuck check,0.99,drive (>40% of minutes),240,344,7,577,0.699486301369863,0.97165991902834,0.410958904109589,0.5776173285198556,0.011986301369863013
ridge baseline,stuck check,0.99,drive (>50% of minutes),217,367,7,577,0.6797945205479452,0.96875,0.3715753424657534,0.537128712871287,0.011986301369863013
ridge baseline,stuck check,0.99,minute,26531,28101,1698,52283,0.7256405770948229,0.939849091359949,0.4856311319373261,0.6403736377789309,0.031455512124636445
ridge baseline,two-speed + stuck check,0.8,drive (>20% of minutes),481,103,260,324,0.6892123287671232,0.6491228070175439,0.8236301369863014,0.7260377358490566,0.4452054794520548
ridge baseline,two-speed + stuck check,0.8,drive (>30% of minutes),451,133,207,377,0.708904109589041,0.6854103343465046,0.7722602739726028,0.7262479871175523,0.3544520547945205
ridge baseline,two-speed + stuck check,0.8,drive (>40% of minutes),392,192,129,455,0.7251712328767124,0.7523992322456814,0.6712328767123288,0.7095022624434388,0.2208904109589041
ridge baseline,two-speed + stuck check,0.8,drive (>50% of minutes),360,224,101,483,0.7217465753424658,0.7809110629067245,0.6164383561643836,0.6889952153110047,0.17294520547945205
ridge baseline,two-speed + stuck check,0.8,minute,42002,12630,14077,39904,0.7541086241978401,0.7489791187432016,0.7688168106604188,0.7587683247373793,0.26077694003445656
ridge baseline,two-speed + stuck check,0.9,drive (>20% of minutes),432,152,141,443,0.7491438356164384,0.7539267015706806,0.7397260273972602,0.7467588591184097,0.24143835616438356
ridge baseline,two-speed + stuck check,0.9,drive (>30% of minutes),395,189,110,474,0.7440068493150684,0.7821782178217822,0.6763698630136986,0.7254361799816345,0.18835616438356165
ridge baseline,two-speed + stuck check,0.9,drive (>40% of minutes),356,228,95,489,0.723458904109589,0.7893569844789357,0.6095890410958904,0.6879227053140097,0.16267123287671234
ridge baseline,two-speed + stuck check,0.9,drive (>50% of minutes),331,253,69,515,0.7243150684931506,0.8275,0.5667808219178082,0.6727642276422764,0.11815068493150685
ridge baseline,two-speed + stuck check,0.9,minute,37924,16708,7122,46859,0.7805971660850911,0.8418949518270212,0.6941719138966174,0.7609301952286363,0.13193531057223837
ridge baseline,two-speed + stuck check,0.95,drive (>20% of minutes),388,196,73,511,0.7696917808219178,0.841648590021692,0.6643835616438356,0.7425837320574162,0.125
ridge baseline,two-speed + stuck check,0.95,drive (>30% of minutes),361,223,55,529,0.761986301369863,0.8677884615384616,0.6181506849315068,0.722,0.09417808219178082
ridge baseline,two-speed + stuck check,0.95,drive (>40% of minutes),315,269,39,545,0.7363013698630136,0.8898305084745762,0.5393835616438356,0.6716417910447761,0.06678082191780822
ridge baseline,two-speed + stuck check,0.95,drive (>50% of minutes),294,290,32,552,0.7243150684931506,0.901840490797546,0.5034246575342466,0.6461538461538462,0.0547945205479452
ridge baseline,two-speed + stuck check,0.95,minute,34544,20088,3665,50316,0.7813061051623654,0.9040801905310267,0.632303411919754,0.7441539836925497,0.0678942590911617
ridge baseline,two-speed + stuck check,0.975,drive (>20% of minutes),365,219,55,529,0.7654109589041096,0.8690476190476191,0.625,0.7270916334661354,0.09417808219178082
ridge baseline,two-speed + stuck check,0.975,drive (>30% of minutes),342,242,47,537,0.752568493150685,0.8791773778920309,0.5856164383561644,0.7029804727646455,0.08047945205479452
ridge baseline,two-speed + stuck check,0.975,drive (>40% of minutes),302,282,39,545,0.7251712328767124,0.8856304985337243,0.5171232876712328,0.6529729729729729,0.06678082191780822
ridge baseline,two-speed + stuck check,0.975,drive (>50% of minutes),279,305,22,562,0.7200342465753424,0.9269102990033222,0.4777397260273973,0.6305084745762712,0.03767123287671233
ridge baseline,two-speed + stuck check,0.975,minute,32723,21909,2814,51167,0.7723753141889093,0.9208149252891352,0.5989712988724557,0.7258148587652076,0.052129452955669585
ridge baseline,two-speed + stuck check,0.99,drive (>20% of minutes),343,241,47,537,0.7534246575342466,0.8794871794871795,0.5873287671232876,0.7043121149897331,0.08047945205479452
ridge baseline,two-speed + stuck check,0.99,drive (>30% of minutes),318,266,47,537,0.7320205479452054,0.8712328767123287,0.5445205479452054,0.6701791359325606,0.08047945205479452
ridge baseline,two-speed + stuck check,0.99,drive (>40% of minutes),275,309,24,560,0.7148972602739726,0.919732441471572,0.4708904109589041,0.622876557191393,0.0410958904109589
ridge baseline,two-speed + stuck check,0.99,drive (>50% of minutes),252,332,14,570,0.7037671232876712,0.9473684210526315,0.4315068493150685,0.5929411764705882,0.023972602739726026
ridge baseline,two-speed + stuck check,0.99,minute,28790,25842,2329,51652,0.7406295747286237,0.9251582634403419,0.5269805242348806,0.6714790498069994,0.04314481021100017
