car,method,scoring,cutoff,grace_min,sensors,test_windows,false_alarm_rate,real_code_windows,real_code_AUROC
car1,pretrained only,shared cutoff,0.95,5,"RPM,SPEED,LOAD,THROTTLE,ECT,IAT,MAP,MAF",852,0.022300469483568074,0,
car1,pretrained only,shared cutoff,0.99,5,"RPM,SPEED,LOAD,THROTTLE,ECT,IAT,MAP,MAF",852,0.02112676056338028,0,
car1,pretrained only,shared cutoff,0.975,5,"RPM,SPEED,LOAD,THROTTLE,ECT,IAT,MAP,MAF",852,0.02112676056338028,0,
car1,pretrained only,shared cutoff,0.9,5,"RPM,SPEED,LOAD,THROTTLE,ECT,IAT,MAP,MAF",852,0.023474178403755867,0,
car1,pretrained only,shared cutoff,0.8,5,"RPM,SPEED,LOAD,THROTTLE,ECT,IAT,MAP,MAF",852,0.13028169014084506,0,
car1,pretrained only,stuck check,0.95,5,"RPM,SPEED,LOAD,THROTTLE,ECT,IAT,MAP,MAF",852,0.022300469483568074,0,
car1,pretrained only,stuck check,0.99,5,"RPM,SPEED,LOAD,THROTTLE,ECT,IAT,MAP,MAF",852,0.02112676056338028,0,
car1,pretrained only,stuck check,0.975,5,"RPM,SPEED,LOAD,THROTTLE,ECT,IAT,MAP,MAF",852,0.02112676056338028,0,
car1,pretrained only,stuck check,0.9,5,"RPM,SPEED,LOAD,THROTTLE,ECT,IAT,MAP,MAF",852,0.023474178403755867,0,
car1,pretrained only,stuck check,0.8,5,"RPM,SPEED,LOAD,THROTTLE,ECT,IAT,MAP,MAF",852,0.13497652582159625,0,
car1,pretrained only,two-speed + stuck check,0.95,5,"RPM,SPEED,LOAD,THROTTLE,ECT,IAT,MAP,MAF",852,0.03403755868544601,0,
car1,pretrained only,two-speed + stuck check,0.99,5,"RPM,SPEED,LOAD,THROTTLE,ECT,IAT,MAP,MAF",852,0.03286384976525822,0,
car1,pretrained only,two-speed + stuck check,0.975,5,"RPM,SPEED,LOAD,THROTTLE,ECT,IAT,MAP,MAF",852,0.03403755868544601,0,
car1,pretrained only,two-speed + stuck check,0.9,5,"RPM,SPEED,LOAD,THROTTLE,ECT,IAT,MAP,MAF",852,0.03755868544600939,0,
car1,pretrained only,two-speed + stuck check,0.8,5,"RPM,SPEED,LOAD,THROTTLE,ECT,IAT,MAP,MAF",852,0.16901408450704225,0,
car1,fine-tuned (ours),shared cutoff,0.95,5,"RPM,SPEED,LOAD,THROTTLE,ECT,IAT,MAP,MAF",852,0.022300469483568074,0,
car1,fine-tuned (ours),shared cutoff,0.99,5,"RPM,SPEED,LOAD,THROTTLE,ECT,IAT,MAP,MAF",852,0.01056338028169014,0,
car1,fine-tuned (ours),shared cutoff,0.975,5,"RPM,SPEED,LOAD,THROTTLE,ECT,IAT,MAP,MAF",852,0.012910798122065728,0,
car1,fine-tuned (ours),shared cutoff,0.9,5,"RPM,SPEED,LOAD,THROTTLE,ECT,IAT,MAP,MAF",852,0.03286384976525822,0,
car1,fine-tuned (ours),shared cutoff,0.8,5,"RPM,SPEED,LOAD,THROTTLE,ECT,IAT,MAP,MAF",852,0.1396713615023474,0,
car1,fine-tuned (ours),stuck check,0.95,5,"RPM,SPEED,LOAD,THROTTLE,ECT,IAT,MAP,MAF",852,0.022300469483568074,0,
car1,fine-tuned (ours),stuck check,0.99,5,"RPM,SPEED,LOAD,THROTTLE,ECT,IAT,MAP,MAF",852,0.01056338028169014,0,
car1,fine-tuned (ours),stuck check,0.975,5,"RPM,SPEED,LOAD,THROTTLE,ECT,IAT,MAP,MAF",852,0.012910798122065728,0,
car1,fine-tuned (ours),stuck check,0.9,5,"RPM,SPEED,LOAD,THROTTLE,ECT,IAT,MAP,MAF",852,0.035211267605633804,0,
car1,fine-tuned (ours),stuck check,0.8,5,"RPM,SPEED,LOAD,THROTTLE,ECT,IAT,MAP,MAF",852,0.1056338028169014,0,
car1,fine-tuned (ours),two-speed + stuck check,0.95,5,"RPM,SPEED,LOAD,THROTTLE,ECT,IAT,MAP,MAF",852,0.018779342723004695,0,
car1,fine-tuned (ours),two-speed + stuck check,0.99,5,"RPM,SPEED,LOAD,THROTTLE,ECT,IAT,MAP,MAF",852,0.014084507042253521,0,
car1,fine-tuned (ours),two-speed + stuck check,0.975,5,"RPM,SPEED,LOAD,THROTTLE,ECT,IAT,MAP,MAF",852,0.01643192488262911,0,
car1,fine-tuned (ours),two-speed + stuck check,0.9,5,"RPM,SPEED,LOAD,THROTTLE,ECT,IAT,MAP,MAF",852,0.02699530516431925,0,
car1,fine-tuned (ours),two-speed + stuck check,0.8,5,"RPM,SPEED,LOAD,THROTTLE,ECT,IAT,MAP,MAF",852,0.057511737089201875,0,
car1,ridge baseline,shared cutoff,0.95,5,"RPM,SPEED,LOAD,THROTTLE,ECT,IAT,MAP,MAF",852,0.0528169014084507,0,
car1,ridge baseline,shared cutoff,0.99,5,"RPM,SPEED,LOAD,THROTTLE,ECT,IAT,MAP,MAF",852,0.022300469483568074,0,
car1,ridge baseline,shared cutoff,0.975,5,"RPM,SPEED,LOAD,THROTTLE,ECT,IAT,MAP,MAF",852,0.02699530516431925,0,
car1,ridge baseline,shared cutoff,0.9,5,"RPM,SPEED,LOAD,THROTTLE,ECT,IAT,MAP,MAF",852,0.06455399061032864,0,
car1,ridge baseline,shared cutoff,0.8,5,"RPM,SPEED,LOAD,THROTTLE,ECT,IAT,MAP,MAF",852,0.12206572769953052,0,
car1,ridge baseline,stuck check,0.95,5,"RPM,SPEED,LOAD,THROTTLE,ECT,IAT,MAP,MAF",852,0.0528169014084507,0,
car1,ridge baseline,stuck check,0.99,5,"RPM,SPEED,LOAD,THROTTLE,ECT,IAT,MAP,MAF",852,0.022300469483568074,0,
car1,ridge baseline,stuck check,0.975,5,"RPM,SPEED,LOAD,THROTTLE,ECT,IAT,MAP,MAF",852,0.02699530516431925,0,
car1,ridge baseline,stuck check,0.9,5,"RPM,SPEED,LOAD,THROTTLE,ECT,IAT,MAP,MAF",852,0.06455399061032864,0,
car1,ridge baseline,stuck check,0.8,5,"RPM,SPEED,LOAD,THROTTLE,ECT,IAT,MAP,MAF",852,0.10446009389671361,0,
car1,ridge baseline,two-speed + stuck check,0.95,5,"RPM,SPEED,LOAD,THROTTLE,ECT,IAT,MAP,MAF",852,0.02699530516431925,0,
car1,ridge baseline,two-speed + stuck check,0.99,5,"RPM,SPEED,LOAD,THROTTLE,ECT,IAT,MAP,MAF",852,0.01995305164319249,0,
car1,ridge baseline,two-speed + stuck check,0.975,5,"RPM,SPEED,LOAD,THROTTLE,ECT,IAT,MAP,MAF",852,0.022300469483568074,0,
car1,ridge baseline,two-speed + stuck check,0.9,5,"RPM,SPEED,LOAD,THROTTLE,ECT,IAT,MAP,MAF",852,0.04929577464788732,0,
car1,ridge baseline,two-speed + stuck check,0.8,5,"RPM,SPEED,LOAD,THROTTLE,ECT,IAT,MAP,MAF",852,0.07746478873239436,0,
car11,pretrained only,shared cutoff,0.95,5,"RPM,SPEED,LOAD,THROTTLE,ECT,IAT,MAF,STFT1",2569,0.03386531724406384,0,
car11,pretrained only,shared cutoff,0.99,5,"RPM,SPEED,LOAD,THROTTLE,ECT,IAT,MAF,STFT1",2569,0.028026469443363178,0,
car11,pretrained only,shared cutoff,0.975,5,"RPM,SPEED,LOAD,THROTTLE,ECT,IAT,MAF,STFT1",2569,0.02958349552355002,0,
car11,pretrained only,shared cutoff,0.9,5,"RPM,SPEED,LOAD,THROTTLE,ECT,IAT,MAF,STFT1",2569,0.05644219540677306,0,
car11,pretrained only,shared cutoff,0.8,5,"RPM,SPEED,LOAD,THROTTLE,ECT,IAT,MAF,STFT1",2569,0.1475282210977034,0,
car11,pretrained only,stuck check,0.95,5,"RPM,SPEED,LOAD,THROTTLE,ECT,IAT,MAF,STFT1",2569,0.03386531724406384,0,
car11,pretrained only,stuck check,0.99,5,"RPM,SPEED,LOAD,THROTTLE,ECT,IAT,MAF,STFT1",2569,0.028026469443363178,0,
car11,pretrained only,stuck check,0.975,5,"RPM,SPEED,LOAD,THROTTLE,ECT,IAT,MAF,STFT1",2569,0.02958349552355002,0,
car11,pretrained only,stuck check,0.9,5,"RPM,SPEED,LOAD,THROTTLE,ECT,IAT,MAF,STFT1",2569,0.05799922148695991,0,
car11,pretrained only,stuck check,0.8,5,"RPM,SPEED,LOAD,THROTTLE,ECT,IAT,MAF,STFT1",2569,0.14713896457765668,0,
car11,pretrained only,two-speed + stuck check,0.95,5,"RPM,SPEED,LOAD,THROTTLE,ECT,IAT,MAF,STFT1",2569,0.03036200856364344,0,
car11,pretrained only,two-speed + stuck check,0.99,5,"RPM,SPEED,LOAD,THROTTLE,ECT,IAT,MAF,STFT1",2569,0.028804982483456597,0,
car11,pretrained only,two-speed + stuck check,0.975,5,"RPM,SPEED,LOAD,THROTTLE,ECT,IAT,MAF,STFT1",2569,0.02958349552355002,0,
car11,pretrained only,two-speed + stuck check,0.9,5,"RPM,SPEED,LOAD,THROTTLE,ECT,IAT,MAF,STFT1",2569,0.053328143246399375,0,
car11,pretrained only,two-speed + stuck check,0.8,5,"RPM,SPEED,LOAD,THROTTLE,ECT,IAT,MAF,STFT1",2569,0.16076294277929154,0,
car11,fine-tuned (ours),shared cutoff,0.95,5,"RPM,SPEED,LOAD,THROTTLE,ECT,IAT,MAF,STFT1",2569,0.021019852082522383,0,
car11,fine-tuned (ours),shared cutoff,0.99,5,"RPM,SPEED,LOAD,THROTTLE,ECT,IAT,MAF,STFT1",2569,0.00506033476060724,0,
car11,fine-tuned (ours),shared cutoff,0.975,5,"RPM,SPEED,LOAD,THROTTLE,ECT,IAT,MAF,STFT1",2569,0.015570260801868432,0,
car11,fine-tuned (ours),shared cutoff,0.9,5,"RPM,SPEED,LOAD,THROTTLE,ECT,IAT,MAF,STFT1",2569,0.06267029972752043,0,
car11,fine-tuned (ours),shared cutoff,0.8,5,"RPM,SPEED,LOAD,THROTTLE,ECT,IAT,MAF,STFT1",2569,0.20786298170494355,0,
car11,fine-tuned (ours),stuck check,0.95,5,"RPM,SPEED,LOAD,THROTTLE,ECT,IAT,MAF,STFT1",2569,0.021019852082522383,0,
car11,fine-tuned (ours),stuck check,0.99,5,"RPM,SPEED,LOAD,THROTTLE,ECT,IAT,MAF,STFT1",2569,0.00506033476060724,0,
car11,fine-tuned (ours),stuck check,0.975,5,"RPM,SPEED,LOAD,THROTTLE,ECT,IAT,MAF,STFT1",2569,0.015570260801868432,0,
car11,fine-tuned (ours),stuck check,0.9,5,"RPM,SPEED,LOAD,THROTTLE,ECT,IAT,MAF,STFT1",2569,0.06344881276761385,0,
car11,fine-tuned (ours),stuck check,0.8,5,"RPM,SPEED,LOAD,THROTTLE,ECT,IAT,MAF,STFT1",2569,0.19268197742312185,0,
car11,fine-tuned (ours),two-speed + stuck check,0.95,5,"RPM,SPEED,LOAD,THROTTLE,ECT,IAT,MAF,STFT1",2569,0.023355391202802646,0,
car11,fine-tuned (ours),two-speed + stuck check,0.99,5,"RPM,SPEED,LOAD,THROTTLE,ECT,IAT,MAF,STFT1",2569,0.0023355391202802647,0,
car11,fine-tuned (ours),two-speed + stuck check,0.975,5,"RPM,SPEED,LOAD,THROTTLE,ECT,IAT,MAF,STFT1",2569,0.010899182561307902,0,
car11,fine-tuned (ours),two-speed + stuck check,0.9,5,"RPM,SPEED,LOAD,THROTTLE,ECT,IAT,MAF,STFT1",2569,0.07162319968859479,0,
car11,fine-tuned (ours),two-speed + stuck check,0.8,5,"RPM,SPEED,LOAD,THROTTLE,ECT,IAT,MAF,STFT1",2569,0.208641494745037,0,
car11,ridge baseline,shared cutoff,0.95,5,"RPM,SPEED,LOAD,THROTTLE,ECT,IAT,MAF,STFT1",2569,0.0541066562864928,0,
car11,ridge baseline,shared cutoff,0.99,5,"RPM,SPEED,LOAD,THROTTLE,ECT,IAT,MAF,STFT1",2569,0.013623978201634877,0,
car11,ridge baseline,shared cutoff,0.975,5,"RPM,SPEED,LOAD,THROTTLE,ECT,IAT,MAF,STFT1",2569,0.028804982483456597,0,
car11,ridge baseline,shared cutoff,0.9,5,"RPM,SPEED,LOAD,THROTTLE,ECT,IAT,MAF,STFT1",2569,0.10276372129233165,0,
car11,ridge baseline,shared cutoff,0.8,5,"RPM,SPEED,LOAD,THROTTLE,ECT,IAT,MAF,STFT1",2569,0.21175554690541065,0,
car11,ridge baseline,stuck check,0.95,5,"RPM,SPEED,LOAD,THROTTLE,ECT,IAT,MAF,STFT1",2569,0.05488516932658622,0,
car11,ridge baseline,stuck check,0.99,5,"RPM,SPEED,LOAD,THROTTLE,ECT,IAT,MAF,STFT1",2569,0.013623978201634877,0,
car11,ridge baseline,stuck check,0.975,5,"RPM,SPEED,LOAD,THROTTLE,ECT,IAT,MAF,STFT1",2569,0.028804982483456597,0,
car11,ridge baseline,stuck check,0.9,5,"RPM,SPEED,LOAD,THROTTLE,ECT,IAT,MAF,STFT1",2569,0.10354223433242507,0,
car11,ridge baseline,stuck check,0.8,5,"RPM,SPEED,LOAD,THROTTLE,ECT,IAT,MAF,STFT1",2569,0.2098092643051771,0,
car11,ridge baseline,two-speed + stuck check,0.95,5,"RPM,SPEED,LOAD,THROTTLE,ECT,IAT,MAF,STFT1",2569,0.04009342156481121,0,
car11,ridge baseline,two-speed + stuck check,0.99,5,"RPM,SPEED,LOAD,THROTTLE,ECT,IAT,MAF,STFT1",2569,0.00973141300116777,0,
car11,ridge baseline,two-speed + stuck check,0.975,5,"RPM,SPEED,LOAD,THROTTLE,ECT,IAT,MAF,STFT1",2569,0.021019852082522383,0,
car11,ridge baseline,two-speed + stuck check,0.9,5,"RPM,SPEED,LOAD,THROTTLE,ECT,IAT,MAF,STFT1",2569,0.09809264305177112,0,
car11,ridge baseline,two-speed + stuck check,0.8,5,"RPM,SPEED,LOAD,THROTTLE,ECT,IAT,MAF,STFT1",2569,0.23355391202802647,0,
car12,pretrained only,shared cutoff,0.95,5,"RPM,SPEED,LOAD,THROTTLE,ECT,IAT,MAF,STFT1",383,0.015665796344647518,0,
car12,pretrained only,shared cutoff,0.99,5,"RPM,SPEED,LOAD,THROTTLE,ECT,IAT,MAF,STFT1",383,0.0026109660574412533,0,
car12,pretrained only,shared cutoff,0.975,5,"RPM,SPEED,LOAD,THROTTLE,ECT,IAT,MAF,STFT1",383,0.005221932114882507,0,
car12,pretrained only,shared cutoff,0.9,5,"RPM,SPEED,LOAD,THROTTLE,ECT,IAT,MAF,STFT1",383,0.015665796344647518,0,
car12,pretrained only,shared cutoff,0.8,5,"RPM,SPEED,LOAD,THROTTLE,ECT,IAT,MAF,STFT1",383,0.0731070496083551,0,
car12,pretrained only,stuck check,0.95,5,"RPM,SPEED,LOAD,THROTTLE,ECT,IAT,MAF,STFT1",383,0.015665796344647518,0,
car12,pretrained only,stuck check,0.99,5,"RPM,SPEED,LOAD,THROTTLE,ECT,IAT,MAF,STFT1",383,0.0026109660574412533,0,
car12,pretrained only,stuck check,0.975,5,"RPM,SPEED,LOAD,THROTTLE,ECT,IAT,MAF,STFT1",383,0.005221932114882507,0,
car12,pretrained only,stuck check,0.9,5,"RPM,SPEED,LOAD,THROTTLE,ECT,IAT,MAF,STFT1",383,0.015665796344647518,0,
car12,pretrained only,stuck check,0.8,5,"RPM,SPEED,LOAD,THROTTLE,ECT,IAT,MAF,STFT1",383,0.08093994778067885,0,
car12,pretrained only,two-speed + stuck check,0.95,5,"RPM,SPEED,LOAD,THROTTLE,ECT,IAT,MAF,STFT1",383,0.07571801566579635,0,
car12,pretrained only,two-speed + stuck check,0.99,5,"RPM,SPEED,LOAD,THROTTLE,ECT,IAT,MAF,STFT1",383,0.06527415143603134,0,
car12,pretrained only,two-speed + stuck check,0.975,5,"RPM,SPEED,LOAD,THROTTLE,ECT,IAT,MAF,STFT1",383,0.07049608355091384,0,
car12,pretrained only,two-speed + stuck check,0.9,5,"RPM,SPEED,LOAD,THROTTLE,ECT,IAT,MAF,STFT1",383,0.10704960835509138,0,
car12,pretrained only,two-speed + stuck check,0.8,5,"RPM,SPEED,LOAD,THROTTLE,ECT,IAT,MAF,STFT1",383,0.13577023498694518,0,
car12,fine-tuned (ours),shared cutoff,0.95,5,"RPM,SPEED,LOAD,THROTTLE,ECT,IAT,MAF,STFT1",383,0.015665796344647518,0,
car12,fine-tuned (ours),shared cutoff,0.99,5,"RPM,SPEED,LOAD,THROTTLE,ECT,IAT,MAF,STFT1",383,0.013054830287206266,0,
car12,fine-tuned (ours),shared cutoff,0.975,5,"RPM,SPEED,LOAD,THROTTLE,ECT,IAT,MAF,STFT1",383,0.013054830287206266,0,
car12,fine-tuned (ours),shared cutoff,0.9,5,"RPM,SPEED,LOAD,THROTTLE,ECT,IAT,MAF,STFT1",383,0.028720626631853787,0,
car12,fine-tuned (ours),shared cutoff,0.8,5,"RPM,SPEED,LOAD,THROTTLE,ECT,IAT,MAF,STFT1",383,0.05483028720626632,0,
car12,fine-tuned (ours),stuck check,0.95,5,"RPM,SPEED,LOAD,THROTTLE,ECT,IAT,MAF,STFT1",383,0.015665796344647518,0,
car12,fine-tuned (ours),stuck check,0.99,5,"RPM,SPEED,LOAD,THROTTLE,ECT,IAT,MAF,STFT1",383,0.013054830287206266,0,
car12,fine-tuned (ours),stuck check,0.975,5,"RPM,SPEED,LOAD,THROTTLE,ECT,IAT,MAF,STFT1",383,0.013054830287206266,0,
car12,fine-tuned (ours),stuck check,0.9,5,"RPM,SPEED,LOAD,THROTTLE,ECT,IAT,MAF,STFT1",383,0.028720626631853787,0,
car12,fine-tuned (ours),stuck check,0.8,5,"RPM,SPEED,LOAD,THROTTLE,ECT,IAT,MAF,STFT1",383,0.05483028720626632,0,
car12,fine-tuned (ours),two-speed + stuck check,0.95,5,"RPM,SPEED,LOAD,THROTTLE,ECT,IAT,MAF,STFT1",383,0.08616187989556136,0,
car12,fine-tuned (ours),two-speed + stuck check,0.99,5,"RPM,SPEED,LOAD,THROTTLE,ECT,IAT,MAF,STFT1",383,0.0835509138381201,0,
car12,fine-tuned (ours),two-speed + stuck check,0.975,5,"RPM,SPEED,LOAD,THROTTLE,ECT,IAT,MAF,STFT1",383,0.0835509138381201,0,
car12,fine-tuned (ours),two-speed + stuck check,0.9,5,"RPM,SPEED,LOAD,THROTTLE,ECT,IAT,MAF,STFT1",383,0.09399477806788512,0,
car12,fine-tuned (ours),two-speed + stuck check,0.8,5,"RPM,SPEED,LOAD,THROTTLE,ECT,IAT,MAF,STFT1",383,0.1409921671018277,0,
car12,ridge baseline,shared cutoff,0.95,5,"RPM,SPEED,LOAD,THROTTLE,ECT,IAT,MAF,STFT1",383,0.05221932114882506,0,
car12,ridge baseline,shared cutoff,0.99,5,"RPM,SPEED,LOAD,THROTTLE,ECT,IAT,MAF,STFT1",383,0.031331592689295036,0,
car12,ridge baseline,shared cutoff,0.975,5,"RPM,SPEED,LOAD,THROTTLE,ECT,IAT,MAF,STFT1",383,0.04699738903394256,0,
car12,ridge baseline,shared cutoff,0.9,5,"RPM,SPEED,LOAD,THROTTLE,ECT,IAT,MAF,STFT1",383,0.06005221932114883,0,
car12,ridge baseline,shared cutoff,0.8,5,"RPM,SPEED,LOAD,THROTTLE,ECT,IAT,MAF,STFT1",383,0.10182767624020887,0,
car12,ridge baseline,stuck check,0.95,5,"RPM,SPEED,LOAD,THROTTLE,ECT,IAT,MAF,STFT1",383,0.05221932114882506,0,
car12,ridge baseline,stuck check,0.99,5,"RPM,SPEED,LOAD,THROTTLE,ECT,IAT,MAF,STFT1",383,0.031331592689295036,0,
car12,ridge baseline,stuck check,0.975,5,"RPM,SPEED,LOAD,THROTTLE,ECT,IAT,MAF,STFT1",383,0.04699738903394256,0,
car12,ridge baseline,stuck check,0.9,5,"RPM,SPEED,LOAD,THROTTLE,ECT,IAT,MAF,STFT1",383,0.06266318537859007,0,
car12,ridge baseline,stuck check,0.8,5,"RPM,SPEED,LOAD,THROTTLE,ECT,IAT,MAF,STFT1",383,0.11488250652741515,0,
car12,ridge baseline,two-speed + stuck check,0.95,5,"RPM,SPEED,LOAD,THROTTLE,ECT,IAT,MAF,STFT1",383,0.05483028720626632,0,
car12,ridge baseline,two-speed + stuck check,0.99,5,"RPM,SPEED,LOAD,THROTTLE,ECT,IAT,MAF,STFT1",383,0.033942558746736295,0,
car12,ridge baseline,two-speed + stuck check,0.975,5,"RPM,SPEED,LOAD,THROTTLE,ECT,IAT,MAF,STFT1",383,0.044386422976501305,0,
car12,ridge baseline,two-speed + stuck check,0.9,5,"RPM,SPEED,LOAD,THROTTLE,ECT,IAT,MAF,STFT1",383,0.1227154046997389,0,
car12,ridge baseline,two-speed + stuck check,0.8,5,"RPM,SPEED,LOAD,THROTTLE,ECT,IAT,MAF,STFT1",383,0.17232375979112272,0,
car13,pretrained only,shared cutoff,0.95,5,"RPM,SPEED,LOAD,THROTTLE,ECT,IAT,MAP,STFT1",326,0.09815950920245399,162,0.5601189123684012
car13,pretrained only,shared cutoff,0.99,5,"RPM,SPEED,LOAD,THROTTLE,ECT,IAT,MAP,STFT1",326,0.07668711656441718,162,0.5601189123684012
car13,pretrained only,shared cutoff,0.975,5,"RPM,SPEED,LOAD,THROTTLE,ECT,IAT,MAP,STFT1",326,0.08588957055214724,162,0.5601189123684012
car13,pretrained only,shared cutoff,0.9,5,"RPM,SPEED,LOAD,THROTTLE,ECT,IAT,MAP,STFT1",326,0.1656441717791411,162,0.5601189123684012
car13,pretrained only,shared cutoff,0.8,5,"RPM,SPEED,LOAD,THROTTLE,ECT,IAT,MAP,STFT1",326,0.27300613496932513,162,0.5601189123684012
car13,pretrained only,stuck check,0.95,5,"RPM,SPEED,LOAD,THROTTLE,ECT,IAT,MAP,STFT1",326,0.09815950920245399,162,0.5622396425054912
car13,pretrained only,stuck check,0.99,5,"RPM,SPEED,LOAD,THROTTLE,ECT,IAT,MAP,STFT1",326,0.07668711656441718,162,0.5622396425054912
car13,pretrained only,stuck check,0.975,5,"RPM,SPEED,LOAD,THROTTLE,ECT,IAT,MAP,STFT1",326,0.08588957055214724,162,0.5622396425054912
car13,pretrained only,stuck check,0.9,5,"RPM,SPEED,LOAD,THROTTLE,ECT,IAT,MAP,STFT1",326,0.1656441717791411,162,0.5622396425054912
car13,pretrained only,stuck check,0.8,5,"RPM,SPEED,LOAD,THROTTLE,ECT,IAT,MAP,STFT1",326,0.27300613496932513,162,0.5622396425054912
car13,pretrained only,two-speed + stuck check,0.95,5,"RPM,SPEED,LOAD,THROTTLE,ECT,IAT,MAP,STFT1",326,0.3343558282208589,162,0.5696432628947967
car13,pretrained only,two-speed + stuck check,0.99,5,"RPM,SPEED,LOAD,THROTTLE,ECT,IAT,MAP,STFT1",326,0.31901840490797545,162,0.5696432628947967
car13,pretrained only,two-speed + stuck check,0.975,5,"RPM,SPEED,LOAD,THROTTLE,ECT,IAT,MAP,STFT1",326,0.3220858895705521,162,0.5696432628947967
car13,pretrained only,two-speed + stuck check,0.9,5,"RPM,SPEED,LOAD,THROTTLE,ECT,IAT,MAP,STFT1",326,0.34049079754601225,162,0.5696432628947967
car13,pretrained only,two-speed + stuck check,0.8,5,"RPM,SPEED,LOAD,THROTTLE,ECT,IAT,MAP,STFT1",326,0.4171779141104294,162,0.5696432628947967
car13,fine-tuned (ours),shared cutoff,0.95,5,"RPM,SPEED,LOAD,THROTTLE,ECT,IAT,MAP,STFT1",326,0.08588957055214724,162,0.6625009467545255
car13,fine-tuned (ours),shared cutoff,0.99,5,"RPM,SPEED,LOAD,THROTTLE,ECT,IAT,MAP,STFT1",326,0.0736196319018405,162,0.6625009467545255
car13,fine-tuned (ours),shared cutoff,0.975,5,"RPM,SPEED,LOAD,THROTTLE,ECT,IAT,MAP,STFT1",326,0.0736196319018405,162,0.6625009467545255
car13,fine-tuned (ours),shared cutoff,0.9,5,"RPM,SPEED,LOAD,THROTTLE,ECT,IAT,MAP,STFT1",326,0.1656441717791411,162,0.6625009467545255
car13,fine-tuned (ours),shared cutoff,0.8,5,"RPM,SPEED,LOAD,THROTTLE,ECT,IAT,MAP,STFT1",326,0.2668711656441718,162,0.6625009467545255
car13,fine-tuned (ours),stuck check,0.95,5,"RPM,SPEED,LOAD,THROTTLE,ECT,IAT,MAP,STFT1",326,0.08588957055214724,162,0.6619802317655079
car13,fine-tuned (ours),stuck check,0.99,5,"RPM,SPEED,LOAD,THROTTLE,ECT,IAT,MAP,STFT1",326,0.0736196319018405,162,0.6619802317655079
car13,fine-tuned (ours),stuck check,0.975,5,"RPM,SPEED,LOAD,THROTTLE,ECT,IAT,MAP,STFT1",326,0.0736196319018405,162,0.6619802317655079
car13,fine-tuned (ours),stuck check,0.9,5,"RPM,SPEED,LOAD,THROTTLE,ECT,IAT,MAP,STFT1",326,0.1656441717791411,162,0.6619802317655079
car13,fine-tuned (ours),stuck check,0.8,5,"RPM,SPEED,LOAD,THROTTLE,ECT,IAT,MAP,STFT1",326,0.2668711656441718,162,0.6619802317655079
car13,fine-tuned (ours),two-speed + stuck check,0.95,5,"RPM,SPEED,LOAD,THROTTLE,ECT,IAT,MAP,STFT1",326,0.19938650306748465,162,0.6617530106793911
car13,fine-tuned (ours),two-speed + stuck check,0.99,5,"RPM,SPEED,LOAD,THROTTLE,ECT,IAT,MAP,STFT1",326,0.19631901840490798,162,0.6617530106793911
car13,fine-tuned (ours),two-speed + stuck check,0.975,5,"RPM,SPEED,LOAD,THROTTLE,ECT,IAT,MAP,STFT1",326,0.19938650306748465,162,0.6617530106793911
car13,fine-tuned (ours),two-speed + stuck check,0.9,5,"RPM,SPEED,LOAD,THROTTLE,ECT,IAT,MAP,STFT1",326,0.2392638036809816,162,0.6617530106793911
car13,fine-tuned (ours),two-speed + stuck check,0.8,5,"RPM,SPEED,LOAD,THROTTLE,ECT,IAT,MAP,STFT1",326,0.26993865030674846,162,0.6617530106793911
car13,ridge baseline,shared cutoff,0.95,5,"RPM,SPEED,LOAD,THROTTLE,ECT,IAT,MAP,STFT1",326,0.4447852760736196,162,0.5669544800424146
car13,ridge baseline,shared cutoff,0.99,5,"RPM,SPEED,LOAD,THROTTLE,ECT,IAT,MAP,STFT1",326,0.294478527607362,162,0.5669544800424146
car13,ridge baseline,shared cutoff,0.975,5,"RPM,SPEED,LOAD,THROTTLE,ECT,IAT,MAP,STFT1",326,0.3312883435582822,162,0.5669544800424146
car13,ridge baseline,shared cutoff,0.9,5,"RPM,SPEED,LOAD,THROTTLE,ECT,IAT,MAP,STFT1",326,0.4785276073619632,162,0.5669544800424146
car13,ridge baseline,shared cutoff,0.8,5,"RPM,SPEED,LOAD,THROTTLE,ECT,IAT,MAP,STFT1",326,0.5950920245398773,162,0.5669544800424146
car13,ridge baseline,stuck check,0.95,5,"RPM,SPEED,LOAD,THROTTLE,ECT,IAT,MAP,STFT1",326,0.4447852760736196,162,0.5429258501855638
car13,ridge baseline,stuck check,0.99,5,"RPM,SPEED,LOAD,THROTTLE,ECT,IAT,MAP,STFT1",326,0.294478527607362,162,0.5429258501855638
car13,ridge baseline,stuck check,0.975,5,"RPM,SPEED,LOAD,THROTTLE,ECT,IAT,MAP,STFT1",326,0.3312883435582822,162,0.5429258501855638
car13,ridge baseline,stuck check,0.9,5,"RPM,SPEED,LOAD,THROTTLE,ECT,IAT,MAP,STFT1",326,0.4815950920245399,162,0.5429258501855638
car13,ridge baseline,stuck check,0.8,5,"RPM,SPEED,LOAD,THROTTLE,ECT,IAT,MAP,STFT1",326,0.6134969325153374,162,0.5429258501855638
car13,ridge baseline,two-speed + stuck check,0.95,5,"RPM,SPEED,LOAD,THROTTLE,ECT,IAT,MAP,STFT1",326,0.4263803680981595,162,0.5143243959706127
car13,ridge baseline,two-speed + stuck check,0.99,5,"RPM,SPEED,LOAD,THROTTLE,ECT,IAT,MAP,STFT1",326,0.42024539877300615,162,0.5143243959706127
car13,ridge baseline,two-speed + stuck check,0.975,5,"RPM,SPEED,LOAD,THROTTLE,ECT,IAT,MAP,STFT1",326,0.42024539877300615,162,0.5143243959706127
car13,ridge baseline,two-speed + stuck check,0.9,5,"RPM,SPEED,LOAD,THROTTLE,ECT,IAT,MAP,STFT1",326,0.6932515337423313,162,0.5143243959706127
car13,ridge baseline,two-speed + stuck check,0.8,5,"RPM,SPEED,LOAD,THROTTLE,ECT,IAT,MAP,STFT1",326,0.7085889570552147,162,0.5143243959706127
car4,pretrained only,shared cutoff,0.95,5,"RPM,SPEED,LOAD,THROTTLE,ECT,IAT,MAP,STFT1",742,0.36792452830188677,0,
car4,pretrained only,shared cutoff,0.99,5,"RPM,SPEED,LOAD,THROTTLE,ECT,IAT,MAP,STFT1",742,0.35175202156334234,0,
car4,pretrained only,shared cutoff,0.975,5,"RPM,SPEED,LOAD,THROTTLE,ECT,IAT,MAP,STFT1",742,0.353099730458221,0,
car4,pretrained only,shared cutoff,0.9,5,"RPM,SPEED,LOAD,THROTTLE,ECT,IAT,MAP,STFT1",742,0.42587601078167114,0,
car4,pretrained only,shared cutoff,0.8,5,"RPM,SPEED,LOAD,THROTTLE,ECT,IAT,MAP,STFT1",742,0.48921832884097033,0,
car4,pretrained only,stuck check,0.95,5,"RPM,SPEED,LOAD,THROTTLE,ECT,IAT,MAP,STFT1",742,0.36792452830188677,0,
car4,pretrained only,stuck check,0.99,5,"RPM,SPEED,LOAD,THROTTLE,ECT,IAT,MAP,STFT1",742,0.35175202156334234,0,
car4,pretrained only,stuck check,0.975,5,"RPM,SPEED,LOAD,THROTTLE,ECT,IAT,MAP,STFT1",742,0.353099730458221,0,
car4,pretrained only,stuck check,0.9,5,"RPM,SPEED,LOAD,THROTTLE,ECT,IAT,MAP,STFT1",742,0.42587601078167114,0,
car4,pretrained only,stuck check,0.8,5,"RPM,SPEED,LOAD,THROTTLE,ECT,IAT,MAP,STFT1",742,0.48921832884097033,0,
car4,pretrained only,two-speed + stuck check,0.95,5,"RPM,SPEED,LOAD,THROTTLE,ECT,IAT,MAP,STFT1",742,0.5188679245283019,0,
car4,pretrained only,two-speed + stuck check,0.99,5,"RPM,SPEED,LOAD,THROTTLE,ECT,IAT,MAP,STFT1",742,0.5161725067385444,0,
car4,pretrained only,two-speed + stuck check,0.975,5,"RPM,SPEED,LOAD,THROTTLE,ECT,IAT,MAP,STFT1",742,0.5161725067385444,0,
car4,pretrained only,two-speed + stuck check,0.9,5,"RPM,SPEED,LOAD,THROTTLE,ECT,IAT,MAP,STFT1",742,0.5202156334231806,0,
car4,pretrained only,two-speed + stuck check,0.8,5,"RPM,SPEED,LOAD,THROTTLE,ECT,IAT,MAP,STFT1",742,0.5498652291105122,0,
car4,fine-tuned (ours),shared cutoff,0.95,5,"RPM,SPEED,LOAD,THROTTLE,ECT,IAT,MAP,STFT1",742,0.06064690026954178,0,
car4,fine-tuned (ours),shared cutoff,0.99,5,"RPM,SPEED,LOAD,THROTTLE,ECT,IAT,MAP,STFT1",742,0.012129380053908356,0,
car4,fine-tuned (ours),shared cutoff,0.975,5,"RPM,SPEED,LOAD,THROTTLE,ECT,IAT,MAP,STFT1",742,0.025606469002695417,0,
car4,fine-tuned (ours),shared cutoff,0.9,5,"RPM,SPEED,LOAD,THROTTLE,ECT,IAT,MAP,STFT1",742,0.1091644204851752,0,
car4,fine-tuned (ours),shared cutoff,0.8,5,"RPM,SPEED,LOAD,THROTTLE,ECT,IAT,MAP,STFT1",742,0.12264150943396226,0,
car4,fine-tuned (ours),stuck check,0.95,5,"RPM,SPEED,LOAD,THROTTLE,ECT,IAT,MAP,STFT1",742,0.06064690026954178,0,
car4,fine-tuned (ours),stuck check,0.99,5,"RPM,SPEED,LOAD,THROTTLE,ECT,IAT,MAP,STFT1",742,0.012129380053908356,0,
car4,fine-tuned (ours),stuck check,0.975,5,"RPM,SPEED,LOAD,THROTTLE,ECT,IAT,MAP,STFT1",742,0.025606469002695417,0,
car4,fine-tuned (ours),stuck check,0.9,5,"RPM,SPEED,LOAD,THROTTLE,ECT,IAT,MAP,STFT1",742,0.11185983827493262,0,
car4,fine-tuned (ours),stuck check,0.8,5,"RPM,SPEED,LOAD,THROTTLE,ECT,IAT,MAP,STFT1",742,0.13881401617250674,0,
car4,fine-tuned (ours),two-speed + stuck check,0.95,5,"RPM,SPEED,LOAD,THROTTLE,ECT,IAT,MAP,STFT1",742,0.03369272237196765,0,
car4,fine-tuned (ours),two-speed + stuck check,0.99,5,"RPM,SPEED,LOAD,THROTTLE,ECT,IAT,MAP,STFT1",742,0.013477088948787063,0,
car4,fine-tuned (ours),two-speed + stuck check,0.975,5,"RPM,SPEED,LOAD,THROTTLE,ECT,IAT,MAP,STFT1",742,0.02021563342318059,0,
car4,fine-tuned (ours),two-speed + stuck check,0.9,5,"RPM,SPEED,LOAD,THROTTLE,ECT,IAT,MAP,STFT1",742,0.07412398921832884,0,
car4,fine-tuned (ours),two-speed + stuck check,0.8,5,"RPM,SPEED,LOAD,THROTTLE,ECT,IAT,MAP,STFT1",742,0.09433962264150944,0,
car4,ridge baseline,shared cutoff,0.95,5,"RPM,SPEED,LOAD,THROTTLE,ECT,IAT,MAP,STFT1",742,0.05525606469002695,0,
car4,ridge baseline,shared cutoff,0.99,5,"RPM,SPEED,LOAD,THROTTLE,ECT,IAT,MAP,STFT1",742,0.004043126684636119,0,
car4,ridge baseline,shared cutoff,0.975,5,"RPM,SPEED,LOAD,THROTTLE,ECT,IAT,MAP,STFT1",742,0.018867924528301886,0,
car4,ridge baseline,shared cutoff,0.9,5,"RPM,SPEED,LOAD,THROTTLE,ECT,IAT,MAP,STFT1",742,0.08355795148247978,0,
car4,ridge baseline,shared cutoff,0.8,5,"RPM,SPEED,LOAD,THROTTLE,ECT,IAT,MAP,STFT1",742,0.12129380053908356,0,
car4,ridge baseline,stuck check,0.95,5,"RPM,SPEED,LOAD,THROTTLE,ECT,IAT,MAP,STFT1",742,0.05525606469002695,0,
car4,ridge baseline,stuck check,0.99,5,"RPM,SPEED,LOAD,THROTTLE,ECT,IAT,MAP,STFT1",742,0.004043126684636119,0,
car4,ridge baseline,stuck check,0.975,5,"RPM,SPEED,LOAD,THROTTLE,ECT,IAT,MAP,STFT1",742,0.018867924528301886,0,
car4,ridge baseline,stuck check,0.9,5,"RPM,SPEED,LOAD,THROTTLE,ECT,IAT,MAP,STFT1",742,0.08355795148247978,0,
car4,ridge baseline,stuck check,0.8,5,"RPM,SPEED,LOAD,THROTTLE,ECT,IAT,MAP,STFT1",742,0.1293800539083558,0,
car4,ridge baseline,two-speed + stuck check,0.95,5,"RPM,SPEED,LOAD,THROTTLE,ECT,IAT,MAP,STFT1",742,0.0431266846361186,0,
car4,ridge baseline,two-speed + stuck check,0.99,5,"RPM,SPEED,LOAD,THROTTLE,ECT,IAT,MAP,STFT1",742,0.014824797843665768,0,
car4,ridge baseline,two-speed + stuck check,0.975,5,"RPM,SPEED,LOAD,THROTTLE,ECT,IAT,MAP,STFT1",742,0.02021563342318059,0,
car4,ridge baseline,two-speed + stuck check,0.9,5,"RPM,SPEED,LOAD,THROTTLE,ECT,IAT,MAP,STFT1",742,0.06064690026954178,0,
car4,ridge baseline,two-speed + stuck check,0.8,5,"RPM,SPEED,LOAD,THROTTLE,ECT,IAT,MAP,STFT1",742,0.07142857142857142,0,
car8,pretrained only,shared cutoff,0.95,5,"RPM,SPEED,THROTTLE,ECT,IAT,MAP",1066,0.07317073170731707,0,
car8,pretrained only,shared cutoff,0.99,5,"RPM,SPEED,THROTTLE,ECT,IAT,MAP",1066,0.0150093808630394,0,
car8,pretrained only,shared cutoff,0.975,5,"RPM,SPEED,THROTTLE,ECT,IAT,MAP",1066,0.024390243902439025,0,
car8,pretrained only,shared cutoff,0.9,5,"RPM,SPEED,THROTTLE,ECT,IAT,MAP",1066,0.12195121951219512,0,
car8,pretrained only,shared cutoff,0.8,5,"RPM,SPEED,THROTTLE,ECT,IAT,MAP",1066,0.18761726078799248,0,
car8,pretrained only,stuck check,0.95,5,"RPM,SPEED,THROTTLE,ECT,IAT,MAP",1066,0.07317073170731707,0,
car8,pretrained only,stuck check,0.99,5,"RPM,SPEED,THROTTLE,ECT,IAT,MAP",1066,0.0150093808630394,0,
car8,pretrained only,stuck check,0.975,5,"RPM,SPEED,THROTTLE,ECT,IAT,MAP",1066,0.024390243902439025,0,
car8,pretrained only,stuck check,0.9,5,"RPM,SPEED,THROTTLE,ECT,IAT,MAP",1066,0.12195121951219512,0,
car8,pretrained only,stuck check,0.8,5,"RPM,SPEED,THROTTLE,ECT,IAT,MAP",1066,0.18667917448405252,0,
car8,pretrained only,two-speed + stuck check,0.95,5,"RPM,SPEED,THROTTLE,ECT,IAT,MAP",1066,0.12288930581613508,0,
car8,pretrained only,two-speed + stuck check,0.99,5,"RPM,SPEED,THROTTLE,ECT,IAT,MAP",1066,0.11726078799249531,0,
car8,pretrained only,two-speed + stuck check,0.975,5,"RPM,SPEED,THROTTLE,ECT,IAT,MAP",1066,0.11913696060037524,0,
car8,pretrained only,two-speed + stuck check,0.9,5,"RPM,SPEED,THROTTLE,ECT,IAT,MAP",1066,0.15666041275797374,0,
car8,pretrained only,two-speed + stuck check,0.8,5,"RPM,SPEED,THROTTLE,ECT,IAT,MAP",1066,0.2373358348968105,0,
car8,fine-tuned (ours),shared cutoff,0.95,5,"RPM,SPEED,THROTTLE,ECT,IAT,MAP",1066,0.0600375234521576,0,
car8,fine-tuned (ours),shared cutoff,0.99,5,"RPM,SPEED,THROTTLE,ECT,IAT,MAP",1066,0.0009380863039399625,0,
car8,fine-tuned (ours),shared cutoff,0.975,5,"RPM,SPEED,THROTTLE,ECT,IAT,MAP",1066,0.027204502814258912,0,
car8,fine-tuned (ours),shared cutoff,0.9,5,"RPM,SPEED,THROTTLE,ECT,IAT,MAP",1066,0.12195121951219512,0,
car8,fine-tuned (ours),shared cutoff,0.8,5,"RPM,SPEED,THROTTLE,ECT,IAT,MAP",1066,0.2223264540337711,0,
car8,fine-tuned (ours),stuck check,0.95,5,"RPM,SPEED,THROTTLE,ECT,IAT,MAP",1066,0.0600375234521576,0,
car8,fine-tuned (ours),stuck check,0.99,5,"RPM,SPEED,THROTTLE,ECT,IAT,MAP",1066,0.0009380863039399625,0,
car8,fine-tuned (ours),stuck check,0.975,5,"RPM,SPEED,THROTTLE,ECT,IAT,MAP",1066,0.027204502814258912,0,
car8,fine-tuned (ours),stuck check,0.9,5,"RPM,SPEED,THROTTLE,ECT,IAT,MAP",1066,0.12195121951219512,0,
car8,fine-tuned (ours),stuck check,0.8,5,"RPM,SPEED,THROTTLE,ECT,IAT,MAP",1066,0.22138836772983114,0,
car8,fine-tuned (ours),two-speed + stuck check,0.95,5,"RPM,SPEED,THROTTLE,ECT,IAT,MAP",1066,0.08630393996247655,0,
car8,fine-tuned (ours),two-speed + stuck check,0.99,5,"RPM,SPEED,THROTTLE,ECT,IAT,MAP",1066,0.039399624765478425,0,
car8,fine-tuned (ours),two-speed + stuck check,0.975,5,"RPM,SPEED,THROTTLE,ECT,IAT,MAP",1066,0.039399624765478425,0,
car8,fine-tuned (ours),two-speed + stuck check,0.9,5,"RPM,SPEED,THROTTLE,ECT,IAT,MAP",1066,0.10787992495309569,0,
car8,fine-tuned (ours),two-speed + stuck check,0.8,5,"RPM,SPEED,THROTTLE,ECT,IAT,MAP",1066,0.24671669793621012,0,
car8,ridge baseline,shared cutoff,0.95,5,"RPM,SPEED,THROTTLE,ECT,IAT,MAP",1066,0.03377110694183865,0,
car8,ridge baseline,shared cutoff,0.99,5,"RPM,SPEED,THROTTLE,ECT,IAT,MAP",1066,0.009380863039399626,0,
car8,ridge baseline,shared cutoff,0.975,5,"RPM,SPEED,THROTTLE,ECT,IAT,MAP",1066,0.0300187617260788,0,
car8,ridge baseline,shared cutoff,0.9,5,"RPM,SPEED,THROTTLE,ECT,IAT,MAP",1066,0.09662288930581614,0,
car8,ridge baseline,shared cutoff,0.8,5,"RPM,SPEED,THROTTLE,ECT,IAT,MAP",1066,0.24859287054409004,0,
car8,ridge baseline,stuck check,0.95,5,"RPM,SPEED,THROTTLE,ECT,IAT,MAP",1066,0.03377110694183865,0,
car8,ridge baseline,stuck check,0.99,5,"RPM,SPEED,THROTTLE,ECT,IAT,MAP",1066,0.009380863039399626,0,
car8,ridge baseline,stuck check,0.975,5,"RPM,SPEED,THROTTLE,ECT,IAT,MAP",1066,0.0300187617260788,0,
car8,ridge baseline,stuck check,0.9,5,"RPM,SPEED,THROTTLE,ECT,IAT,MAP",1066,0.09662288930581614,0,
car8,ridge baseline,stuck check,0.8,5,"RPM,SPEED,THROTTLE,ECT,IAT,MAP",1066,0.24671669793621012,0,
car8,ridge baseline,two-speed + stuck check,0.95,5,"RPM,SPEED,THROTTLE,ECT,IAT,MAP",1066,0.016885553470919325,0,
car8,ridge baseline,two-speed + stuck check,0.99,5,"RPM,SPEED,THROTTLE,ECT,IAT,MAP",1066,0.0075046904315197,0,
car8,ridge baseline,two-speed + stuck check,0.975,5,"RPM,SPEED,THROTTLE,ECT,IAT,MAP",1066,0.012195121951219513,0,
car8,ridge baseline,two-speed + stuck check,0.9,5,"RPM,SPEED,THROTTLE,ECT,IAT,MAP",1066,0.04690431519699812,0,
car8,ridge baseline,two-speed + stuck check,0.8,5,"RPM,SPEED,THROTTLE,ECT,IAT,MAP",1066,0.1951219512195122,0,
car9,pretrained only,shared cutoff,0.95,5,"RPM,SPEED,LOAD,THROTTLE,ECT,IAT,MAP,STFT1",1691,0.03429923122412774,0,
car9,pretrained only,shared cutoff,0.99,5,"RPM,SPEED,LOAD,THROTTLE,ECT,IAT,MAP,STFT1",1691,0.010053222945002957,0,
car9,pretrained only,shared cutoff,0.975,5,"RPM,SPEED,LOAD,THROTTLE,ECT,IAT,MAP,STFT1",1691,0.024837374334713187,0,
car9,pretrained only,shared cutoff,0.9,5,"RPM,SPEED,LOAD,THROTTLE,ECT,IAT,MAP,STFT1",1691,0.054405677114133646,0,
car9,pretrained only,shared cutoff,0.8,5,"RPM,SPEED,LOAD,THROTTLE,ECT,IAT,MAP,STFT1",1691,0.10881135422826729,0,
car9,pretrained only,stuck check,0.95,5,"RPM,SPEED,LOAD,THROTTLE,ECT,IAT,MAP,STFT1",1691,0.04730928444707274,0,
car9,pretrained only,stuck check,0.99,5,"RPM,SPEED,LOAD,THROTTLE,ECT,IAT,MAP,STFT1",1691,0.01537551744529864,0,
car9,pretrained only,stuck check,0.975,5,"RPM,SPEED,LOAD,THROTTLE,ECT,IAT,MAP,STFT1",1691,0.03429923122412774,0,
car9,pretrained only,stuck check,0.9,5,"RPM,SPEED,LOAD,THROTTLE,ECT,IAT,MAP,STFT1",1691,0.07332939089296274,0,
car9,pretrained only,stuck check,0.8,5,"RPM,SPEED,LOAD,THROTTLE,ECT,IAT,MAP,STFT1",1691,0.12477823772915435,0,
car9,pretrained only,two-speed + stuck check,0.95,5,"RPM,SPEED,LOAD,THROTTLE,ECT,IAT,MAP,STFT1",1691,0.06859846244825547,0,
car9,pretrained only,two-speed + stuck check,0.99,5,"RPM,SPEED,LOAD,THROTTLE,ECT,IAT,MAP,STFT1",1691,0.04021289178001183,0,
car9,pretrained only,two-speed + stuck check,0.975,5,"RPM,SPEED,LOAD,THROTTLE,ECT,IAT,MAP,STFT1",1691,0.047900650502661145,0,
car9,pretrained only,two-speed + stuck check,0.9,5,"RPM,SPEED,LOAD,THROTTLE,ECT,IAT,MAP,STFT1",1691,0.12418687167356594,0,
car9,pretrained only,two-speed + stuck check,0.8,5,"RPM,SPEED,LOAD,THROTTLE,ECT,IAT,MAP,STFT1",1691,0.18391484328799526,0,
car9,fine-tuned (ours),shared cutoff,0.95,5,"RPM,SPEED,LOAD,THROTTLE,ECT,IAT,MAP,STFT1",1691,0.01714961561206387,0,
car9,fine-tuned (ours),shared cutoff,0.99,5,"RPM,SPEED,LOAD,THROTTLE,ECT,IAT,MAP,STFT1",1691,0.010644589000591367,0,
car9,fine-tuned (ours),shared cutoff,0.975,5,"RPM,SPEED,LOAD,THROTTLE,ECT,IAT,MAP,STFT1",1691,0.013601419278533412,0,
car9,fine-tuned (ours),shared cutoff,0.9,5,"RPM,SPEED,LOAD,THROTTLE,ECT,IAT,MAP,STFT1",1691,0.03311649911295092,0,
car9,fine-tuned (ours),shared cutoff,0.8,5,"RPM,SPEED,LOAD,THROTTLE,ECT,IAT,MAP,STFT1",1691,0.1017149615612064,0,
car9,fine-tuned (ours),stuck check,0.95,5,"RPM,SPEED,LOAD,THROTTLE,ECT,IAT,MAP,STFT1",1691,0.02897693672383205,0,
car9,fine-tuned (ours),stuck check,0.99,5,"RPM,SPEED,LOAD,THROTTLE,ECT,IAT,MAP,STFT1",1691,0.01596688350088705,0,
car9,fine-tuned (ours),stuck check,0.975,5,"RPM,SPEED,LOAD,THROTTLE,ECT,IAT,MAP,STFT1",1691,0.02069781194559432,0,
car9,fine-tuned (ours),stuck check,0.9,5,"RPM,SPEED,LOAD,THROTTLE,ECT,IAT,MAP,STFT1",1691,0.05322294500295683,0,
car9,fine-tuned (ours),stuck check,0.8,5,"RPM,SPEED,LOAD,THROTTLE,ECT,IAT,MAP,STFT1",1691,0.1023063276167948,0,
car9,fine-tuned (ours),two-speed + stuck check,0.95,5,"RPM,SPEED,LOAD,THROTTLE,ECT,IAT,MAP,STFT1",1691,0.04080425783560024,0,
car9,fine-tuned (ours),two-speed + stuck check,0.99,5,"RPM,SPEED,LOAD,THROTTLE,ECT,IAT,MAP,STFT1",1691,0.01655824955647546,0,
car9,fine-tuned (ours),two-speed + stuck check,0.975,5,"RPM,SPEED,LOAD,THROTTLE,ECT,IAT,MAP,STFT1",1691,0.026020106445890007,0,
car9,fine-tuned (ours),two-speed + stuck check,0.9,5,"RPM,SPEED,LOAD,THROTTLE,ECT,IAT,MAP,STFT1",1691,0.06978119455943228,0,
car9,fine-tuned (ours),two-speed + stuck check,0.8,5,"RPM,SPEED,LOAD,THROTTLE,ECT,IAT,MAP,STFT1",1691,0.12714370195150798,0,
car9,ridge baseline,shared cutoff,0.95,5,"RPM,SPEED,LOAD,THROTTLE,ECT,IAT,MAP,STFT1",1691,0.013601419278533412,0,
car9,ridge baseline,shared cutoff,0.99,5,"RPM,SPEED,LOAD,THROTTLE,ECT,IAT,MAP,STFT1",1691,0.008870490833826138,0,
car9,ridge baseline,shared cutoff,0.975,5,"RPM,SPEED,LOAD,THROTTLE,ECT,IAT,MAP,STFT1",1691,0.010053222945002957,0,
car9,ridge baseline,shared cutoff,0.9,5,"RPM,SPEED,LOAD,THROTTLE,ECT,IAT,MAP,STFT1",1691,0.018923713778829097,0,
car9,ridge baseline,shared cutoff,0.8,5,"RPM,SPEED,LOAD,THROTTLE,ECT,IAT,MAP,STFT1",1691,0.05204021289178001,0,
car9,ridge baseline,stuck check,0.95,5,"RPM,SPEED,LOAD,THROTTLE,ECT,IAT,MAP,STFT1",1691,0.03134240094618569,0,
car9,ridge baseline,stuck check,0.99,5,"RPM,SPEED,LOAD,THROTTLE,ECT,IAT,MAP,STFT1",1691,0.01478415138971023,0,
car9,ridge baseline,stuck check,0.975,5,"RPM,SPEED,LOAD,THROTTLE,ECT,IAT,MAP,STFT1",1691,0.02424600827912478,0,
car9,ridge baseline,stuck check,0.9,5,"RPM,SPEED,LOAD,THROTTLE,ECT,IAT,MAP,STFT1",1691,0.03903015966883501,0,
car9,ridge baseline,stuck check,0.8,5,"RPM,SPEED,LOAD,THROTTLE,ECT,IAT,MAP,STFT1",1691,0.06682436428149024,0,
car9,ridge baseline,two-speed + stuck check,0.95,5,"RPM,SPEED,LOAD,THROTTLE,ECT,IAT,MAP,STFT1",1691,0.04316972205795387,0,
car9,ridge baseline,two-speed + stuck check,0.99,5,"RPM,SPEED,LOAD,THROTTLE,ECT,IAT,MAP,STFT1",1691,0.026020106445890007,0,
car9,ridge baseline,two-speed + stuck check,0.975,5,"RPM,SPEED,LOAD,THROTTLE,ECT,IAT,MAP,STFT1",1691,0.03489059727971614,0,
car9,ridge baseline,two-speed + stuck check,0.9,5,"RPM,SPEED,LOAD,THROTTLE,ECT,IAT,MAP,STFT1",1691,0.07392075694855116,0,
car9,ridge baseline,two-speed + stuck check,0.8,5,"RPM,SPEED,LOAD,THROTTLE,ECT,IAT,MAP,STFT1",1691,0.140153755174453,0,
exp2_car,pretrained only,shared cutoff,0.95,5,"RPM,SPEED,LOAD,THROTTLE,ECT,IAT,MAP,MAF,STFT1",1272,0.1320754716981132,0,
exp2_car,pretrained only,shared cutoff,0.99,5,"RPM,SPEED,LOAD,THROTTLE,ECT,IAT,MAP,MAF,STFT1",1272,0.0,0,
exp2_car,pretrained only,shared cutoff,0.975,5,"RPM,SPEED,LOAD,THROTTLE,ECT,IAT,MAP,MAF,STFT1",1272,0.04009433962264151,0,
exp2_car,pretrained only,shared cutoff,0.9,5,"RPM,SPEED,LOAD,THROTTLE,ECT,IAT,MAP,MAF,STFT1",1272,0.17845911949685533,0,
exp2_car,pretrained only,shared cutoff,0.8,5,"RPM,SPEED,LOAD,THROTTLE,ECT,IAT,MAP,MAF,STFT1",1272,0.279874213836478,0,
exp2_car,pretrained only,stuck check,0.95,5,"RPM,SPEED,LOAD,THROTTLE,ECT,IAT,MAP,MAF,STFT1",1272,0.08726415094339622,0,
exp2_car,pretrained only,stuck check,0.99,5,"RPM,SPEED,LOAD,THROTTLE,ECT,IAT,MAP,MAF,STFT1",1272,0.0,0,
exp2_car,pretrained only,stuck check,0.975,5,"RPM,SPEED,LOAD,THROTTLE,ECT,IAT,MAP,MAF,STFT1",1272,0.009433962264150943,0,
exp2_car,pretrained only,stuck check,0.9,5,"RPM,SPEED,LOAD,THROTTLE,ECT,IAT,MAP,MAF,STFT1",1272,0.1509433962264151,0,
exp2_car,pretrained only,stuck check,0.8,5,"RPM,SPEED,LOAD,THROTTLE,ECT,IAT,MAP,MAF,STFT1",1272,0.22720125786163523,0,
exp2_car,pretrained only,two-speed + stuck check,0.95,5,"RPM,SPEED,LOAD,THROTTLE,ECT,IAT,MAP,MAF,STFT1",1272,0.15959119496855345,0,
exp2_car,pretrained only,two-speed + stuck check,0.99,5,"RPM,SPEED,LOAD,THROTTLE,ECT,IAT,MAP,MAF,STFT1",1272,0.09669811320754718,0,
exp2_car,pretrained only,two-speed + stuck check,0.975,5,"RPM,SPEED,LOAD,THROTTLE,ECT,IAT,MAP,MAF,STFT1",1272,0.12578616352201258,0,
exp2_car,pretrained only,two-speed + stuck check,0.9,5,"RPM,SPEED,LOAD,THROTTLE,ECT,IAT,MAP,MAF,STFT1",1272,0.22955974842767296,0,
exp2_car,pretrained only,two-speed + stuck check,0.8,5,"RPM,SPEED,LOAD,THROTTLE,ECT,IAT,MAP,MAF,STFT1",1272,0.279874213836478,0,
exp2_car,fine-tuned (ours),shared cutoff,0.95,5,"RPM,SPEED,LOAD,THROTTLE,ECT,IAT,MAP,MAF,STFT1",1272,0.1391509433962264,0,
exp2_car,fine-tuned (ours),shared cutoff,0.99,5,"RPM,SPEED,LOAD,THROTTLE,ECT,IAT,MAP,MAF,STFT1",1272,0.04009433962264151,0,
exp2_car,fine-tuned (ours),shared cutoff,0.975,5,"RPM,SPEED,LOAD,THROTTLE,ECT,IAT,MAP,MAF,STFT1",1272,0.11949685534591195,0,
exp2_car,fine-tuned (ours),shared cutoff,0.9,5,"RPM,SPEED,LOAD,THROTTLE,ECT,IAT,MAP,MAF,STFT1",1272,0.21619496855345913,0,
exp2_car,fine-tuned (ours),shared cutoff,0.8,5,"RPM,SPEED,LOAD,THROTTLE,ECT,IAT,MAP,MAF,STFT1",1272,0.3011006289308176,0,
exp2_car,fine-tuned (ours),stuck check,0.95,5,"RPM,SPEED,LOAD,THROTTLE,ECT,IAT,MAP,MAF,STFT1",1272,0.1320754716981132,0,
exp2_car,fine-tuned (ours),stuck check,0.99,5,"RPM,SPEED,LOAD,THROTTLE,ECT,IAT,MAP,MAF,STFT1",1272,0.04009433962264151,0,
exp2_car,fine-tuned (ours),stuck check,0.975,5,"RPM,SPEED,LOAD,THROTTLE,ECT,IAT,MAP,MAF,STFT1",1272,0.0770440251572327,0,
exp2_car,fine-tuned (ours),stuck check,0.9,5,"RPM,SPEED,LOAD,THROTTLE,ECT,IAT,MAP,MAF,STFT1",1272,0.18160377358490565,0,
exp2_car,fine-tuned (ours),stuck check,0.8,5,"RPM,SPEED,LOAD,THROTTLE,ECT,IAT,MAP,MAF,STFT1",1272,0.2688679245283019,0,
exp2_car,fine-tuned (ours),two-speed + stuck check,0.95,5,"RPM,SPEED,LOAD,THROTTLE,ECT,IAT,MAP,MAF,STFT1",1272,0.14858490566037735,0,
exp2_car,fine-tuned (ours),two-speed + stuck check,0.99,5,"RPM,SPEED,LOAD,THROTTLE,ECT,IAT,MAP,MAF,STFT1",1272,0.12657232704402516,0,
exp2_car,fine-tuned (ours),two-speed + stuck check,0.975,5,"RPM,SPEED,LOAD,THROTTLE,ECT,IAT,MAP,MAF,STFT1",1272,0.13364779874213836,0,
exp2_car,fine-tuned (ours),two-speed + stuck check,0.9,5,"RPM,SPEED,LOAD,THROTTLE,ECT,IAT,MAP,MAF,STFT1",1272,0.20833333333333334,0,
exp2_car,fine-tuned (ours),two-speed + stuck check,0.8,5,"RPM,SPEED,LOAD,THROTTLE,ECT,IAT,MAP,MAF,STFT1",1272,0.34276729559748426,0,
exp2_car,ridge baseline,shared cutoff,0.95,5,"RPM,SPEED,LOAD,THROTTLE,ECT,IAT,MAP,MAF,STFT1",1272,0.07547169811320754,0,
exp2_car,ridge baseline,shared cutoff,0.99,5,"RPM,SPEED,LOAD,THROTTLE,ECT,IAT,MAP,MAF,STFT1",1272,0.018081761006289308,0,
exp2_car,ridge baseline,shared cutoff,0.975,5,"RPM,SPEED,LOAD,THROTTLE,ECT,IAT,MAP,MAF,STFT1",1272,0.06210691823899371,0,
exp2_car,ridge baseline,shared cutoff,0.9,5,"RPM,SPEED,LOAD,THROTTLE,ECT,IAT,MAP,MAF,STFT1",1272,0.1470125786163522,0,
exp2_car,ridge baseline,shared cutoff,0.8,5,"RPM,SPEED,LOAD,THROTTLE,ECT,IAT,MAP,MAF,STFT1",1272,0.31053459119496857,0,
exp2_car,ridge baseline,stuck check,0.95,5,"RPM,SPEED,LOAD,THROTTLE,ECT,IAT,MAP,MAF,STFT1",1272,0.06839622641509434,0,
exp2_car,ridge baseline,stuck check,0.99,5,"RPM,SPEED,LOAD,THROTTLE,ECT,IAT,MAP,MAF,STFT1",1272,0.018081761006289308,0,
exp2_car,ridge baseline,stuck check,0.975,5,"RPM,SPEED,LOAD,THROTTLE,ECT,IAT,MAP,MAF,STFT1",1272,0.031446540880503145,0,
exp2_car,ridge baseline,stuck check,0.9,5,"RPM,SPEED,LOAD,THROTTLE,ECT,IAT,MAP,MAF,STFT1",1272,0.12028301886792453,0,
exp2_car,ridge baseline,stuck check,0.8,5,"RPM,SPEED,LOAD,THROTTLE,ECT,IAT,MAP,MAF,STFT1",1272,0.23427672955974843,0,
exp2_car,ridge baseline,two-speed + stuck check,0.95,5,"RPM,SPEED,LOAD,THROTTLE,ECT,IAT,MAP,MAF,STFT1",1272,0.05110062893081761,0,
exp2_car,ridge baseline,two-speed + stuck check,0.99,5,"RPM,SPEED,LOAD,THROTTLE,ECT,IAT,MAP,MAF,STFT1",1272,0.03773584905660377,0,
exp2_car,ridge baseline,two-speed + stuck check,0.975,5,"RPM,SPEED,LOAD,THROTTLE,ECT,IAT,MAP,MAF,STFT1",1272,0.040880503144654086,0,
exp2_car,ridge baseline,two-speed + stuck check,0.9,5,"RPM,SPEED,LOAD,THROTTLE,ECT,IAT,MAP,MAF,STFT1",1272,0.10062893081761007,0,
exp2_car,ridge baseline,two-speed + stuck check,0.8,5,"RPM,SPEED,LOAD,THROTTLE,ECT,IAT,MAP,MAF,STFT1",1272,0.2562893081761006,0,
